--
-- PostgreSQL database dump
--

\restrict 0YbYOIFIbUwVCHjEEqIp5bU44qdl1jTOaCfptXf5J7gd3PP6P4ibnIZbmgzx1fa

-- Dumped from database version 16.10
-- Dumped by pg_dump version 16.10

SET statement_timeout = 0;
SET lock_timeout = 0;
SET idle_in_transaction_session_timeout = 0;
SET client_encoding = 'UTF8';
SET standard_conforming_strings = on;
SELECT pg_catalog.set_config('search_path', '', false);
SET check_function_bodies = false;
SET xmloption = content;
SET client_min_messages = warning;
SET row_security = off;

ALTER TABLE IF EXISTS ONLY public."Team" DROP CONSTRAINT IF EXISTS "Team_managerId_fkey";
ALTER TABLE IF EXISTS ONLY public."TeamMember" DROP CONSTRAINT IF EXISTS "TeamMember_userId_fkey";
ALTER TABLE IF EXISTS ONLY public."TeamMember" DROP CONSTRAINT IF EXISTS "TeamMember_teamId_fkey";
ALTER TABLE IF EXISTS ONLY public."Task" DROP CONSTRAINT IF EXISTS "Task_authorId_fkey";
ALTER TABLE IF EXISTS ONLY public."Session" DROP CONSTRAINT IF EXISTS "Session_userId_fkey";
ALTER TABLE IF EXISTS ONLY public."Schedule" DROP CONSTRAINT IF EXISTS "Schedule_contractId_fkey";
ALTER TABLE IF EXISTS ONLY public."Leave" DROP CONSTRAINT IF EXISTS "Leave_employeeId_fkey";
ALTER TABLE IF EXISTS ONLY public."Day" DROP CONSTRAINT IF EXISTS "Day_scheduleId_fkey";
ALTER TABLE IF EXISTS ONLY public."Contract" DROP CONSTRAINT IF EXISTS "Contract_employeeId_fkey";
ALTER TABLE IF EXISTS ONLY public."Clock" DROP CONSTRAINT IF EXISTS "Clock_employeeId_fkey";
ALTER TABLE IF EXISTS ONLY public."Account" DROP CONSTRAINT IF EXISTS "Account_userId_fkey";
DROP INDEX IF EXISTS public."Verification_identifier_idx";
DROP INDEX IF EXISTS public."Verification_id_idx";
DROP INDEX IF EXISTS public."User_id_idx";
DROP INDEX IF EXISTS public."User_email_key";
DROP INDEX IF EXISTS public."User_email_idx";
DROP INDEX IF EXISTS public."Team_name_key";
DROP INDEX IF EXISTS public."Team_managerId_idx";
DROP INDEX IF EXISTS public."TeamMember_userId_idx";
DROP INDEX IF EXISTS public."TeamMember_teamId_userId_key";
DROP INDEX IF EXISTS public."TeamMember_teamId_idx";
DROP INDEX IF EXISTS public."Task_title_key";
DROP INDEX IF EXISTS public."Task_title_idx";
DROP INDEX IF EXISTS public."Task_slug_key";
DROP INDEX IF EXISTS public."Task_id_idx";
DROP INDEX IF EXISTS public."Task_authorId_idx";
DROP INDEX IF EXISTS public."Session_userId_idx";
DROP INDEX IF EXISTS public."Session_token_key";
DROP INDEX IF EXISTS public."Session_token_idx";
DROP INDEX IF EXISTS public."Session_id_idx";
DROP INDEX IF EXISTS public."Schedule_contractId_startDate_idx";
DROP INDEX IF EXISTS public."Schedule_contractId_endDate_idx";
DROP INDEX IF EXISTS public."Leave_employeeId_status_idx";
DROP INDEX IF EXISTS public."Leave_employeeId_startDate_endDate_idx";
DROP INDEX IF EXISTS public."Day_scheduleId_idx";
DROP INDEX IF EXISTS public."Day_scheduleId_dayOfWeek_key";
DROP INDEX IF EXISTS public."Contract_employeeId_startDate_idx";
DROP INDEX IF EXISTS public."Contract_employeeId_endDate_idx";
DROP INDEX IF EXISTS public."Clock_employeeId_date_key";
DROP INDEX IF EXISTS public."Clock_employeeId_date_idx";
DROP INDEX IF EXISTS public."Account_userId_idx";
DROP INDEX IF EXISTS public."Account_refreshToken_idx";
DROP INDEX IF EXISTS public."Account_providerId_idx";
DROP INDEX IF EXISTS public."Account_id_idx";
DROP INDEX IF EXISTS public."Account_idToken_idx";
DROP INDEX IF EXISTS public."Account_accountId_idx";
DROP INDEX IF EXISTS public."Account_accessToken_idx";
ALTER TABLE IF EXISTS ONLY public._prisma_migrations DROP CONSTRAINT IF EXISTS _prisma_migrations_pkey;
ALTER TABLE IF EXISTS ONLY public."Verification" DROP CONSTRAINT IF EXISTS "Verification_pkey";
ALTER TABLE IF EXISTS ONLY public."User" DROP CONSTRAINT IF EXISTS "User_pkey";
ALTER TABLE IF EXISTS ONLY public."Team" DROP CONSTRAINT IF EXISTS "Team_pkey";
ALTER TABLE IF EXISTS ONLY public."TeamMember" DROP CONSTRAINT IF EXISTS "TeamMember_pkey";
ALTER TABLE IF EXISTS ONLY public."Task" DROP CONSTRAINT IF EXISTS "Task_pkey";
ALTER TABLE IF EXISTS ONLY public."Session" DROP CONSTRAINT IF EXISTS "Session_pkey";
ALTER TABLE IF EXISTS ONLY public."Schedule" DROP CONSTRAINT IF EXISTS "Schedule_pkey";
ALTER TABLE IF EXISTS ONLY public."Leave" DROP CONSTRAINT IF EXISTS "Leave_pkey";
ALTER TABLE IF EXISTS ONLY public."Day" DROP CONSTRAINT IF EXISTS "Day_pkey";
ALTER TABLE IF EXISTS ONLY public."Contract" DROP CONSTRAINT IF EXISTS "Contract_pkey";
ALTER TABLE IF EXISTS ONLY public."Clock" DROP CONSTRAINT IF EXISTS "Clock_pkey";
ALTER TABLE IF EXISTS ONLY public."Account" DROP CONSTRAINT IF EXISTS "Account_pkey";
DROP TABLE IF EXISTS public._prisma_migrations;
DROP TABLE IF EXISTS public."Verification";
DROP TABLE IF EXISTS public."User";
DROP TABLE IF EXISTS public."TeamMember";
DROP TABLE IF EXISTS public."Team";
DROP TABLE IF EXISTS public."Task";
DROP TABLE IF EXISTS public."Session";
DROP TABLE IF EXISTS public."Schedule";
DROP TABLE IF EXISTS public."Leave";
DROP TABLE IF EXISTS public."Day";
DROP TABLE IF EXISTS public."Contract";
DROP TABLE IF EXISTS public."Clock";
DROP TABLE IF EXISTS public."Account";
DROP TYPE IF EXISTS public."Status";
DROP TYPE IF EXISTS public."Role";
DROP TYPE IF EXISTS public."LeaveType";
DROP TYPE IF EXISTS public."LeaveStatus";
DROP TYPE IF EXISTS public."DayOfWeek";
DROP TYPE IF EXISTS public."ContractType";
DROP TYPE IF EXISTS public."CheckType";
--
-- Name: CheckType; Type: TYPE; Schema: public; Owner: postgres
--

CREATE TYPE public."CheckType" AS ENUM (
    'CHECKIN',
    'CHECKOUT'
);


ALTER TYPE public."CheckType" OWNER TO postgres;

--
-- Name: ContractType; Type: TYPE; Schema: public; Owner: postgres
--

CREATE TYPE public."ContractType" AS ENUM (
    'CDI',
    'CDD',
    'INTERIM',
    'STAGE'
);


ALTER TYPE public."ContractType" OWNER TO postgres;

--
-- Name: DayOfWeek; Type: TYPE; Schema: public; Owner: postgres
--

CREATE TYPE public."DayOfWeek" AS ENUM (
    'MONDAY',
    'TUESDAY',
    'WEDNESDAY',
    'THURSDAY',
    'FRIDAY',
    'SATURDAY',
    'SUNDAY'
);


ALTER TYPE public."DayOfWeek" OWNER TO postgres;

--
-- Name: LeaveStatus; Type: TYPE; Schema: public; Owner: postgres
--

CREATE TYPE public."LeaveStatus" AS ENUM (
    'PENDING',
    'APPROVED',
    'REJECTED'
);


ALTER TYPE public."LeaveStatus" OWNER TO postgres;

--
-- Name: LeaveType; Type: TYPE; Schema: public; Owner: postgres
--

CREATE TYPE public."LeaveType" AS ENUM (
    'CP',
    'RTT',
    'MALADIE',
    'SANS_SOLDE'
);


ALTER TYPE public."LeaveType" OWNER TO postgres;

--
-- Name: Role; Type: TYPE; Schema: public; Owner: postgres
--

CREATE TYPE public."Role" AS ENUM (
    'ADMIN',
    'MANAGER',
    'EMPLOYEE'
);


ALTER TYPE public."Role" OWNER TO postgres;

--
-- Name: Status; Type: TYPE; Schema: public; Owner: postgres
--

CREATE TYPE public."Status" AS ENUM (
    'TODO',
    'IN_PROGRESS',
    'DONE'
);


ALTER TYPE public."Status" OWNER TO postgres;

SET default_tablespace = '';

SET default_table_access_method = heap;

--
-- Name: Account; Type: TABLE; Schema: public; Owner: postgres
--

CREATE TABLE public."Account" (
    id text NOT NULL,
    "accountId" text NOT NULL,
    "providerId" text NOT NULL,
    "userId" text NOT NULL,
    "accessToken" text,
    "refreshToken" text,
    "accessTokenExpiresAt" timestamp(3) without time zone,
    "refreshTokenExpiresAt" timestamp(3) without time zone,
    scope text,
    "idToken" text,
    password text,
    "createdAt" timestamp(3) without time zone DEFAULT CURRENT_TIMESTAMP NOT NULL,
    "updatedAt" timestamp(3) without time zone NOT NULL
);


ALTER TABLE public."Account" OWNER TO postgres;

--
-- Name: Clock; Type: TABLE; Schema: public; Owner: postgres
--

CREATE TABLE public."Clock" (
    id text NOT NULL,
    date timestamp(3) without time zone NOT NULL,
    "checkType" public."CheckType" NOT NULL,
    "employeeId" text NOT NULL,
    "createdAt" timestamp(3) without time zone DEFAULT CURRENT_TIMESTAMP NOT NULL,
    "updatedAt" timestamp(3) without time zone NOT NULL
);


ALTER TABLE public."Clock" OWNER TO postgres;

--
-- Name: Contract; Type: TABLE; Schema: public; Owner: postgres
--

CREATE TABLE public."Contract" (
    id text NOT NULL,
    "contractType" public."ContractType" NOT NULL,
    "startDate" timestamp(3) without time zone NOT NULL,
    "endDate" timestamp(3) without time zone,
    "employeeId" text NOT NULL,
    "createdAt" timestamp(3) without time zone DEFAULT CURRENT_TIMESTAMP NOT NULL,
    "updatedAt" timestamp(3) without time zone NOT NULL
);


ALTER TABLE public."Contract" OWNER TO postgres;

--
-- Name: Day; Type: TABLE; Schema: public; Owner: postgres
--

CREATE TABLE public."Day" (
    id text NOT NULL,
    "dayOfWeek" public."DayOfWeek" NOT NULL,
    arriving text NOT NULL,
    leaving text NOT NULL,
    breack integer DEFAULT 0,
    "scheduleId" text NOT NULL,
    "createdAt" timestamp(3) without time zone DEFAULT CURRENT_TIMESTAMP NOT NULL,
    "updatedAt" timestamp(3) without time zone NOT NULL
);


ALTER TABLE public."Day" OWNER TO postgres;

--
-- Name: Leave; Type: TABLE; Schema: public; Owner: postgres
--

CREATE TABLE public."Leave" (
    id text NOT NULL,
    "leaveType" public."LeaveType" NOT NULL,
    status public."LeaveStatus" NOT NULL,
    "startDate" timestamp(3) without time zone NOT NULL,
    "endDate" timestamp(3) without time zone NOT NULL,
    "employeeId" text NOT NULL,
    "createdAt" timestamp(3) without time zone DEFAULT CURRENT_TIMESTAMP NOT NULL,
    "updatedAt" timestamp(3) without time zone NOT NULL
);


ALTER TABLE public."Leave" OWNER TO postgres;

--
-- Name: Schedule; Type: TABLE; Schema: public; Owner: postgres
--

CREATE TABLE public."Schedule" (
    id text NOT NULL,
    "startDate" timestamp(3) without time zone NOT NULL,
    "endDate" timestamp(3) without time zone,
    "contractId" text NOT NULL,
    "createdAt" timestamp(3) without time zone DEFAULT CURRENT_TIMESTAMP NOT NULL,
    "updatedAt" timestamp(3) without time zone NOT NULL
);


ALTER TABLE public."Schedule" OWNER TO postgres;

--
-- Name: Session; Type: TABLE; Schema: public; Owner: postgres
--

CREATE TABLE public."Session" (
    id text NOT NULL,
    token text NOT NULL,
    "expiresAt" timestamp(3) without time zone NOT NULL,
    "ipAddress" text,
    "userAgent" text,
    "userId" text NOT NULL,
    "createdAt" timestamp(3) without time zone DEFAULT CURRENT_TIMESTAMP NOT NULL,
    "updatedAt" timestamp(3) without time zone NOT NULL
);


ALTER TABLE public."Session" OWNER TO postgres;

--
-- Name: Task; Type: TABLE; Schema: public; Owner: postgres
--

CREATE TABLE public."Task" (
    id text NOT NULL,
    title text NOT NULL,
    slug text NOT NULL,
    status public."Status" DEFAULT 'TODO'::public."Status" NOT NULL,
    "authorId" text NOT NULL,
    "createdAt" timestamp(3) without time zone DEFAULT CURRENT_TIMESTAMP NOT NULL,
    "updatedAt" timestamp(3) without time zone NOT NULL
);


ALTER TABLE public."Task" OWNER TO postgres;

--
-- Name: Team; Type: TABLE; Schema: public; Owner: postgres
--

CREATE TABLE public."Team" (
    id text NOT NULL,
    name text NOT NULL,
    "managerId" text NOT NULL,
    "createdAt" timestamp(3) without time zone DEFAULT CURRENT_TIMESTAMP NOT NULL,
    "updatedAt" timestamp(3) without time zone NOT NULL
);


ALTER TABLE public."Team" OWNER TO postgres;

--
-- Name: TeamMember; Type: TABLE; Schema: public; Owner: postgres
--

CREATE TABLE public."TeamMember" (
    id text NOT NULL,
    "teamId" text NOT NULL,
    "userId" text NOT NULL,
    "createdAt" timestamp(3) without time zone DEFAULT CURRENT_TIMESTAMP NOT NULL
);


ALTER TABLE public."TeamMember" OWNER TO postgres;

--
-- Name: User; Type: TABLE; Schema: public; Owner: postgres
--

CREATE TABLE public."User" (
    id text NOT NULL,
    name text NOT NULL,
    lastname text,
    email text NOT NULL,
    "emailVerified" boolean NOT NULL,
    image text,
    role public."Role" NOT NULL,
    "createdAt" timestamp(3) without time zone DEFAULT CURRENT_TIMESTAMP NOT NULL,
    "updatedAt" timestamp(3) without time zone NOT NULL
);


ALTER TABLE public."User" OWNER TO postgres;

--
-- Name: Verification; Type: TABLE; Schema: public; Owner: postgres
--

CREATE TABLE public."Verification" (
    id text NOT NULL,
    identifier text NOT NULL,
    value text NOT NULL,
    "expiresAt" timestamp(3) without time zone NOT NULL,
    "createdAt" timestamp(3) without time zone DEFAULT CURRENT_TIMESTAMP NOT NULL,
    "updatedAt" timestamp(3) without time zone NOT NULL
);


ALTER TABLE public."Verification" OWNER TO postgres;

--
-- Name: _prisma_migrations; Type: TABLE; Schema: public; Owner: postgres
--

CREATE TABLE public._prisma_migrations (
    id character varying(36) NOT NULL,
    checksum character varying(64) NOT NULL,
    finished_at timestamp with time zone,
    migration_name character varying(255) NOT NULL,
    logs text,
    rolled_back_at timestamp with time zone,
    started_at timestamp with time zone DEFAULT now() NOT NULL,
    applied_steps_count integer DEFAULT 0 NOT NULL
);


ALTER TABLE public._prisma_migrations OWNER TO postgres;

--
-- Data for Name: Account; Type: TABLE DATA; Schema: public; Owner: postgres
--

COPY public."Account" (id, "accountId", "providerId", "userId", "accessToken", "refreshToken", "accessTokenExpiresAt", "refreshTokenExpiresAt", scope, "idToken", password, "createdAt", "updatedAt") FROM stdin;
mfTbiUyxUziPee7qGILG2	7_onl-MwKet3cGlH4rsth	credential	7_onl-MwKet3cGlH4rsth	\N	\N	\N	\N	\N	\N	90e263724fdae11e158546bb8fe3e245:aa3cff1d8e5069c3697e8ea9e9adcfc6106b1f9abd31ebbf571843316cc48a21b289926b37b1ae55866a366fec84ed4fbe7af8ad9af66fa4c2977a694a13fdb1	2025-10-16 12:50:58.454	2025-10-16 12:50:58.459
sbjKNWpIez_P3NBD3i6bF	Zq7oCUa5FIRLt0hJfsLza	credential	Zq7oCUa5FIRLt0hJfsLza	\N	\N	\N	\N	\N	\N	90e263724fdae11e158546bb8fe3e245:aa3cff1d8e5069c3697e8ea9e9adcfc6106b1f9abd31ebbf571843316cc48a21b289926b37b1ae55866a366fec84ed4fbe7af8ad9af66fa4c2977a694a13fdb1	2025-10-16 12:50:58.46	2025-10-16 12:50:58.461
spuWUCidlGaPJqgPQS0Tl	1LyV9dO1MzaDz8DzfSKrn	credential	1LyV9dO1MzaDz8DzfSKrn	\N	\N	\N	\N	\N	\N	90e263724fdae11e158546bb8fe3e245:aa3cff1d8e5069c3697e8ea9e9adcfc6106b1f9abd31ebbf571843316cc48a21b289926b37b1ae55866a366fec84ed4fbe7af8ad9af66fa4c2977a694a13fdb1	2025-10-16 12:50:58.462	2025-10-16 12:50:58.464
5WZXOPhxPaptR9WKJRY30	PZ3UuN4IGxSZqJeYIf62S	credential	PZ3UuN4IGxSZqJeYIf62S	\N	\N	\N	\N	\N	\N	90e263724fdae11e158546bb8fe3e245:aa3cff1d8e5069c3697e8ea9e9adcfc6106b1f9abd31ebbf571843316cc48a21b289926b37b1ae55866a366fec84ed4fbe7af8ad9af66fa4c2977a694a13fdb1	2025-10-16 12:50:58.464	2025-10-16 12:50:58.466
uWSWiXzkPES1BA0-k8g1H	vlEMg1mkRSG0q10XQPCi5	credential	vlEMg1mkRSG0q10XQPCi5	\N	\N	\N	\N	\N	\N	90e263724fdae11e158546bb8fe3e245:aa3cff1d8e5069c3697e8ea9e9adcfc6106b1f9abd31ebbf571843316cc48a21b289926b37b1ae55866a366fec84ed4fbe7af8ad9af66fa4c2977a694a13fdb1	2025-10-16 12:50:58.467	2025-10-16 12:50:58.468
ezNuMfSz92zmDMsg6dina	Q11tchn2QmlSvSia2s1CA	credential	Q11tchn2QmlSvSia2s1CA	\N	\N	\N	\N	\N	\N	90e263724fdae11e158546bb8fe3e245:aa3cff1d8e5069c3697e8ea9e9adcfc6106b1f9abd31ebbf571843316cc48a21b289926b37b1ae55866a366fec84ed4fbe7af8ad9af66fa4c2977a694a13fdb1	2025-10-16 12:50:58.469	2025-10-16 12:50:58.47
G26IhFOLqJwwyo5L-NJMH	VrtejGNi9S2Z1c4hl_5hG	credential	VrtejGNi9S2Z1c4hl_5hG	\N	\N	\N	\N	\N	\N	90e263724fdae11e158546bb8fe3e245:aa3cff1d8e5069c3697e8ea9e9adcfc6106b1f9abd31ebbf571843316cc48a21b289926b37b1ae55866a366fec84ed4fbe7af8ad9af66fa4c2977a694a13fdb1	2025-10-16 12:50:58.471	2025-10-16 12:50:58.472
bxCGVpnUFJB21a-sM5jJN	QYmzbymJlpxJKqy5yauUk	credential	QYmzbymJlpxJKqy5yauUk	\N	\N	\N	\N	\N	\N	90e263724fdae11e158546bb8fe3e245:aa3cff1d8e5069c3697e8ea9e9adcfc6106b1f9abd31ebbf571843316cc48a21b289926b37b1ae55866a366fec84ed4fbe7af8ad9af66fa4c2977a694a13fdb1	2025-10-16 12:50:58.473	2025-10-16 12:50:58.474
9MzNVKr8TdcJt-ofylL76	S2HoDmgjHAQXXQx6FEeuV	credential	S2HoDmgjHAQXXQx6FEeuV	\N	\N	\N	\N	\N	\N	90e263724fdae11e158546bb8fe3e245:aa3cff1d8e5069c3697e8ea9e9adcfc6106b1f9abd31ebbf571843316cc48a21b289926b37b1ae55866a366fec84ed4fbe7af8ad9af66fa4c2977a694a13fdb1	2025-10-16 12:50:58.475	2025-10-16 12:50:58.476
timXenFN0fq6N1aZm7cpW	4RlSNk5A88VH_W7ir5qRM	credential	4RlSNk5A88VH_W7ir5qRM	\N	\N	\N	\N	\N	\N	90e263724fdae11e158546bb8fe3e245:aa3cff1d8e5069c3697e8ea9e9adcfc6106b1f9abd31ebbf571843316cc48a21b289926b37b1ae55866a366fec84ed4fbe7af8ad9af66fa4c2977a694a13fdb1	2025-10-16 12:50:58.477	2025-10-16 12:50:58.478
4nH3D3gi97jpQxXRab4Mq	dJbSPvx_ZKM9iKSWVGBw4	credential	dJbSPvx_ZKM9iKSWVGBw4	\N	\N	\N	\N	\N	\N	90e263724fdae11e158546bb8fe3e245:aa3cff1d8e5069c3697e8ea9e9adcfc6106b1f9abd31ebbf571843316cc48a21b289926b37b1ae55866a366fec84ed4fbe7af8ad9af66fa4c2977a694a13fdb1	2025-10-16 12:50:58.479	2025-10-16 12:50:58.48
LfDLCs-xdegM_n6Uw2bDd	3r1sMBcK1TQWXS-u5j763	credential	3r1sMBcK1TQWXS-u5j763	\N	\N	\N	\N	\N	\N	90e263724fdae11e158546bb8fe3e245:aa3cff1d8e5069c3697e8ea9e9adcfc6106b1f9abd31ebbf571843316cc48a21b289926b37b1ae55866a366fec84ed4fbe7af8ad9af66fa4c2977a694a13fdb1	2025-10-16 12:50:58.481	2025-10-16 12:50:58.482
AYd0EddDLKyA3mBJvxVQB	Hc7YOrHurpFrJvempEmFc	credential	Hc7YOrHurpFrJvempEmFc	\N	\N	\N	\N	\N	\N	90e263724fdae11e158546bb8fe3e245:aa3cff1d8e5069c3697e8ea9e9adcfc6106b1f9abd31ebbf571843316cc48a21b289926b37b1ae55866a366fec84ed4fbe7af8ad9af66fa4c2977a694a13fdb1	2025-10-16 12:50:58.483	2025-10-16 12:50:58.484
ISfaSJhMfeeG3taphNR_A	RbQsd0hcLHhc82u4IGUb9	credential	RbQsd0hcLHhc82u4IGUb9	\N	\N	\N	\N	\N	\N	90e263724fdae11e158546bb8fe3e245:aa3cff1d8e5069c3697e8ea9e9adcfc6106b1f9abd31ebbf571843316cc48a21b289926b37b1ae55866a366fec84ed4fbe7af8ad9af66fa4c2977a694a13fdb1	2025-10-16 12:50:58.484	2025-10-16 12:50:58.486
bqONRCIOxvCuwXUv3Ao1E	lwuwOqq0LJqF2Vzht1Bbn	credential	lwuwOqq0LJqF2Vzht1Bbn	\N	\N	\N	\N	\N	\N	90e263724fdae11e158546bb8fe3e245:aa3cff1d8e5069c3697e8ea9e9adcfc6106b1f9abd31ebbf571843316cc48a21b289926b37b1ae55866a366fec84ed4fbe7af8ad9af66fa4c2977a694a13fdb1	2025-10-16 12:50:58.486	2025-10-16 12:50:58.488
nXNLPvRahcCl58EgZ_dK-	MMR8caZDXOVWVzOW_7Tkh	credential	MMR8caZDXOVWVzOW_7Tkh	\N	\N	\N	\N	\N	\N	90e263724fdae11e158546bb8fe3e245:aa3cff1d8e5069c3697e8ea9e9adcfc6106b1f9abd31ebbf571843316cc48a21b289926b37b1ae55866a366fec84ed4fbe7af8ad9af66fa4c2977a694a13fdb1	2025-10-16 12:50:58.488	2025-10-16 12:50:58.489
\.


--
-- Data for Name: Clock; Type: TABLE DATA; Schema: public; Owner: postgres
--

COPY public."Clock" (id, date, "checkType", "employeeId", "createdAt", "updatedAt") FROM stdin;
xCHTXUpVHTYpTA79m-VTf	2025-09-30 07:00:00	CHECKIN	7_onl-MwKet3cGlH4rsth	2025-10-16 12:50:58.614	2025-10-16 12:50:58.614
Tj8ntg-gdNk7dFNJ6gWU_	2025-09-30 06:58:00	CHECKIN	Zq7oCUa5FIRLt0hJfsLza	2025-10-16 12:50:58.616	2025-10-16 12:50:58.616
YQg2uqWPLHZp-J-N_ppTh	2025-09-30 07:05:00	CHECKIN	1LyV9dO1MzaDz8DzfSKrn	2025-10-16 12:50:58.617	2025-10-16 12:50:58.617
wIvJPSp-cop9t2VLqxJuu	2025-09-30 07:03:00	CHECKIN	vlEMg1mkRSG0q10XQPCi5	2025-10-16 12:50:58.617	2025-10-16 12:50:58.617
d9lmCzhR2PgVsm4wdch50	2025-09-30 07:02:00	CHECKIN	Q11tchn2QmlSvSia2s1CA	2025-10-16 12:50:58.618	2025-10-16 12:50:58.618
4plt7ad5Y43Gc1AxXDW_k	2025-09-30 06:55:00	CHECKIN	VrtejGNi9S2Z1c4hl_5hG	2025-10-16 12:50:58.619	2025-10-16 12:50:58.619
aqqEr8MARdIeBHrPAp1AM	2025-09-30 07:15:00	CHECKIN	QYmzbymJlpxJKqy5yauUk	2025-10-16 12:50:58.62	2025-10-16 12:50:58.62
mRznUGReGqqMkD1SU9Ygl	2025-09-30 07:01:00	CHECKIN	S2HoDmgjHAQXXQx6FEeuV	2025-10-16 12:50:58.62	2025-10-16 12:50:58.62
O7r2UZx6w70IRdy2jjAyb	2025-09-30 07:00:00	CHECKIN	4RlSNk5A88VH_W7ir5qRM	2025-10-16 12:50:58.621	2025-10-16 12:50:58.621
PvCe05hGtAd7aZA3b9exN	2025-09-30 07:10:00	CHECKIN	3r1sMBcK1TQWXS-u5j763	2025-10-16 12:50:58.622	2025-10-16 12:50:58.622
PweYnp09u8D3hI13Y76LX	2025-10-01 06:55:00	CHECKIN	7_onl-MwKet3cGlH4rsth	2025-10-16 12:50:58.622	2025-10-16 12:50:58.622
cbB3CVDFWr2YhWgBQ3hp5	2025-10-01 07:08:00	CHECKIN	Zq7oCUa5FIRLt0hJfsLza	2025-10-16 12:50:58.623	2025-10-16 12:50:58.623
aQJhLvRzl4ksmDcX5OEGc	2025-10-01 07:02:00	CHECKIN	1LyV9dO1MzaDz8DzfSKrn	2025-10-16 12:50:58.624	2025-10-16 12:50:58.624
chcTfonzignERYUMQLQed	2025-10-01 07:12:00	CHECKIN	vlEMg1mkRSG0q10XQPCi5	2025-10-16 12:50:58.625	2025-10-16 12:50:58.625
7jrH9HnwId_k2ZBX6gHbV	2025-10-01 07:00:00	CHECKIN	Q11tchn2QmlSvSia2s1CA	2025-10-16 12:50:58.625	2025-10-16 12:50:58.625
D_sz98GCHOtgaO_OK5fgF	2025-10-01 07:05:00	CHECKIN	VrtejGNi9S2Z1c4hl_5hG	2025-10-16 12:50:58.626	2025-10-16 12:50:58.626
S_L8nzactHQ5NYdm_gOYG	2025-10-01 07:03:00	CHECKIN	QYmzbymJlpxJKqy5yauUk	2025-10-16 12:50:58.626	2025-10-16 12:50:58.626
UHRyZ_n8DOtQ027Gg-BJ_	2025-10-01 07:20:00	CHECKIN	S2HoDmgjHAQXXQx6FEeuV	2025-10-16 12:50:58.627	2025-10-16 12:50:58.627
LzXUPIYOU12hPhbimyyM-	2025-10-01 07:07:00	CHECKIN	dJbSPvx_ZKM9iKSWVGBw4	2025-10-16 12:50:58.628	2025-10-16 12:50:58.628
rM7UIgr9Ej-Y9X6Jl8Ce7	2025-10-01 07:00:00	CHECKIN	Hc7YOrHurpFrJvempEmFc	2025-10-16 12:50:58.628	2025-10-16 12:50:58.628
il9iVHpV6nQYf8yNPvxUm	2025-10-02 07:01:00	CHECKIN	7_onl-MwKet3cGlH4rsth	2025-10-16 12:50:58.629	2025-10-16 12:50:58.629
Qc_RBlzuX9ndxpKVvP8rM	2025-10-02 07:00:00	CHECKIN	Zq7oCUa5FIRLt0hJfsLza	2025-10-16 12:50:58.63	2025-10-16 12:50:58.63
YhKWsB89j_j59fWY1OHE9	2025-10-02 07:25:00	CHECKIN	1LyV9dO1MzaDz8DzfSKrn	2025-10-16 12:50:58.631	2025-10-16 12:50:58.631
gBoSBrg7hWodAcfvnb7x4	2025-10-02 07:00:00	CHECKIN	vlEMg1mkRSG0q10XQPCi5	2025-10-16 12:50:58.631	2025-10-16 12:50:58.631
Y5Px5wOoIyDJBE3JsZOSc	2025-10-02 07:10:00	CHECKIN	Q11tchn2QmlSvSia2s1CA	2025-10-16 12:50:58.632	2025-10-16 12:50:58.632
gEQAj9Fsly7hbZ033CuEJ	2025-10-02 06:58:00	CHECKIN	VrtejGNi9S2Z1c4hl_5hG	2025-10-16 12:50:58.632	2025-10-16 12:50:58.632
v-eyC0yTSHGlW64OPZVz3	2025-10-02 07:08:00	CHECKIN	QYmzbymJlpxJKqy5yauUk	2025-10-16 12:50:58.633	2025-10-16 12:50:58.633
XZpbFLOdh5XR-2gGo-axC	2025-10-02 07:02:00	CHECKIN	S2HoDmgjHAQXXQx6FEeuV	2025-10-16 12:50:58.634	2025-10-16 12:50:58.634
GO0CUkRXtN7Up9SuHI8N2	2025-10-02 07:05:00	CHECKIN	4RlSNk5A88VH_W7ir5qRM	2025-10-16 12:50:58.634	2025-10-16 12:50:58.634
SwxAM0Dxl_2b_cJuHB-iM	2025-10-02 07:15:00	CHECKIN	3r1sMBcK1TQWXS-u5j763	2025-10-16 12:50:58.635	2025-10-16 12:50:58.635
KazqP0-tcBxNKA-E6djgG	2025-10-03 06:58:00	CHECKIN	7_onl-MwKet3cGlH4rsth	2025-10-16 12:50:58.636	2025-10-16 12:50:58.636
x_Z7_69dtoFs_yTbvjBU_	2025-10-03 07:05:00	CHECKIN	Zq7oCUa5FIRLt0hJfsLza	2025-10-16 12:50:58.636	2025-10-16 12:50:58.636
YBDlQ24tOEVzNZ7vZYQJn	2025-10-03 07:00:00	CHECKIN	1LyV9dO1MzaDz8DzfSKrn	2025-10-16 12:50:58.637	2025-10-16 12:50:58.637
2agcC75h5tlHDhI5B3T-t	2025-10-03 07:18:00	CHECKIN	vlEMg1mkRSG0q10XQPCi5	2025-10-16 12:50:58.638	2025-10-16 12:50:58.638
9LC5LSrpVqERSxRmvvNF9	2025-10-03 07:03:00	CHECKIN	Q11tchn2QmlSvSia2s1CA	2025-10-16 12:50:58.638	2025-10-16 12:50:58.638
bsgYUNznzwaK01QTj2IRN	2025-10-03 07:12:00	CHECKIN	VrtejGNi9S2Z1c4hl_5hG	2025-10-16 12:50:58.639	2025-10-16 12:50:58.639
6P8ETVY5j8ayqAQnQjDK-	2025-10-03 07:01:00	CHECKIN	QYmzbymJlpxJKqy5yauUk	2025-10-16 12:50:58.64	2025-10-16 12:50:58.64
ez_13gpWUkJHWawZcTElC	2025-10-03 07:00:00	CHECKIN	S2HoDmgjHAQXXQx6FEeuV	2025-10-16 12:50:58.64	2025-10-16 12:50:58.64
zC_3BxjzBQA-REjreIRwX	2025-10-03 07:10:00	CHECKIN	dJbSPvx_ZKM9iKSWVGBw4	2025-10-16 12:50:58.641	2025-10-16 12:50:58.641
-wQMP16caq53ModTAwe50	2025-10-03 06:55:00	CHECKIN	Hc7YOrHurpFrJvempEmFc	2025-10-16 12:50:58.641	2025-10-16 12:50:58.641
VK-2cbPA8OJmcyi99ZI0h	2025-10-04 07:05:00	CHECKIN	7_onl-MwKet3cGlH4rsth	2025-10-16 12:50:58.642	2025-10-16 12:50:58.642
oaGyKRwj2lfHQZZO8B9hp	2025-10-04 07:02:00	CHECKIN	Zq7oCUa5FIRLt0hJfsLza	2025-10-16 12:50:58.643	2025-10-16 12:50:58.643
nkbY-_Zd35Trli5wa01mP	2025-10-04 07:07:00	CHECKIN	1LyV9dO1MzaDz8DzfSKrn	2025-10-16 12:50:58.643	2025-10-16 12:50:58.643
TNBkWfjK-kZnEWsDKi98b	2025-10-04 07:00:00	CHECKIN	vlEMg1mkRSG0q10XQPCi5	2025-10-16 12:50:58.644	2025-10-16 12:50:58.644
S5bbhnoDa8EdFw0AMzuK4	2025-10-04 07:20:00	CHECKIN	Q11tchn2QmlSvSia2s1CA	2025-10-16 12:50:58.645	2025-10-16 12:50:58.645
_ymAum0Z0Wmo8PGXi0a6Q	2025-10-04 07:00:00	CHECKIN	VrtejGNi9S2Z1c4hl_5hG	2025-10-16 12:50:58.646	2025-10-16 12:50:58.646
gh9ohJL_rq0_FDnwQhZUv	2025-10-04 07:13:00	CHECKIN	QYmzbymJlpxJKqy5yauUk	2025-10-16 12:50:58.646	2025-10-16 12:50:58.646
4POR_LqNEpI3rLkvbOEqp	2025-10-04 07:08:00	CHECKIN	S2HoDmgjHAQXXQx6FEeuV	2025-10-16 12:50:58.647	2025-10-16 12:50:58.647
9R5ncIkSoUvafURs8dWkd	2025-10-04 07:02:00	CHECKIN	4RlSNk5A88VH_W7ir5qRM	2025-10-16 12:50:58.647	2025-10-16 12:50:58.647
WdDVZD_tgcB2wLdiqqpXR	2025-10-04 07:25:00	CHECKIN	3r1sMBcK1TQWXS-u5j763	2025-10-16 12:50:58.648	2025-10-16 12:50:58.648
0bUmLeDDbIQyOSYCkNUVa	2025-10-07 07:02:00	CHECKIN	7_onl-MwKet3cGlH4rsth	2025-10-16 12:50:58.649	2025-10-16 12:50:58.649
KwadS_BILgBMl_7gQepFT	2025-10-07 07:00:00	CHECKIN	Zq7oCUa5FIRLt0hJfsLza	2025-10-16 12:50:58.65	2025-10-16 12:50:58.65
MvZx2KnjSrcS2bkVVNJAu	2025-10-07 06:58:00	CHECKIN	1LyV9dO1MzaDz8DzfSKrn	2025-10-16 12:50:58.65	2025-10-16 12:50:58.65
f_BtDhAaipL99i3rF0NVz	2025-10-07 07:05:00	CHECKIN	vlEMg1mkRSG0q10XQPCi5	2025-10-16 12:50:58.651	2025-10-16 12:50:58.651
IToAviLlBOzC5pPDpSDbm	2025-10-07 07:08:00	CHECKIN	Q11tchn2QmlSvSia2s1CA	2025-10-16 12:50:58.652	2025-10-16 12:50:58.652
8zbjOwLZhX3-0Iag0Pka3	2025-10-07 07:15:00	CHECKIN	VrtejGNi9S2Z1c4hl_5hG	2025-10-16 12:50:58.652	2025-10-16 12:50:58.652
pbBrawQ2nEeU974-JkCit	2025-10-07 07:00:00	CHECKIN	QYmzbymJlpxJKqy5yauUk	2025-10-16 12:50:58.653	2025-10-16 12:50:58.653
brG5WlmQ3ccq8y1XQF4fr	2025-10-07 07:12:00	CHECKIN	S2HoDmgjHAQXXQx6FEeuV	2025-10-16 12:50:58.654	2025-10-16 12:50:58.654
8SG55fqcd47pUFI6ZmA8S	2025-10-07 07:03:00	CHECKIN	4RlSNk5A88VH_W7ir5qRM	2025-10-16 12:50:58.654	2025-10-16 12:50:58.654
J5qWH0pk_JSll9FjnybJu	2025-10-07 07:00:00	CHECKIN	3r1sMBcK1TQWXS-u5j763	2025-10-16 12:50:58.655	2025-10-16 12:50:58.655
222mYTLPfB3zYpHnnCb2a	2025-10-08 07:10:00	CHECKIN	7_onl-MwKet3cGlH4rsth	2025-10-16 12:50:58.656	2025-10-16 12:50:58.656
z1WQT_4zVlz5rmZtsiXma	2025-10-08 07:07:00	CHECKIN	Zq7oCUa5FIRLt0hJfsLza	2025-10-16 12:50:58.657	2025-10-16 12:50:58.657
NNe_0RDXV554BO7XObtfg	2025-10-08 07:03:00	CHECKIN	1LyV9dO1MzaDz8DzfSKrn	2025-10-16 12:50:58.657	2025-10-16 12:50:58.657
hZehq6ysssxgbgEF8a3O0	2025-10-08 07:22:00	CHECKIN	vlEMg1mkRSG0q10XQPCi5	2025-10-16 12:50:58.658	2025-10-16 12:50:58.658
kdCCBU554K6BYtUMGFZdM	2025-10-08 07:01:00	CHECKIN	Q11tchn2QmlSvSia2s1CA	2025-10-16 12:50:58.659	2025-10-16 12:50:58.659
SEqDyKeLK52VrzYDmbQtB	2025-10-08 07:00:00	CHECKIN	VrtejGNi9S2Z1c4hl_5hG	2025-10-16 12:50:58.659	2025-10-16 12:50:58.659
m5xP_CcOC60IQYcxPSEsU	2025-10-08 07:05:00	CHECKIN	QYmzbymJlpxJKqy5yauUk	2025-10-16 12:50:58.66	2025-10-16 12:50:58.66
z3Uhhvrw4CeINB8cuzW7j	2025-10-08 07:00:00	CHECKIN	S2HoDmgjHAQXXQx6FEeuV	2025-10-16 12:50:58.661	2025-10-16 12:50:58.661
rmRTSAtYwihEuSOIG75UX	2025-10-08 07:18:00	CHECKIN	dJbSPvx_ZKM9iKSWVGBw4	2025-10-16 12:50:58.661	2025-10-16 12:50:58.661
fAfFZUJDdc9tXNcfbC3QE	2025-10-08 06:52:00	CHECKIN	Hc7YOrHurpFrJvempEmFc	2025-10-16 12:50:58.662	2025-10-16 12:50:58.662
io9Tbu0Luvf_71fAW5V4I	2025-10-09 06:57:00	CHECKIN	7_onl-MwKet3cGlH4rsth	2025-10-16 12:50:58.663	2025-10-16 12:50:58.663
VgP6b5gA2waxTWP3nyy9q	2025-10-09 07:03:00	CHECKIN	Zq7oCUa5FIRLt0hJfsLza	2025-10-16 12:50:58.663	2025-10-16 12:50:58.663
o-zZr-jMRUiQhnl_dUyzL	2025-10-09 07:10:00	CHECKIN	1LyV9dO1MzaDz8DzfSKrn	2025-10-16 12:50:58.664	2025-10-16 12:50:58.664
wmArG8M9kfYa-ulnsoFhL	2025-10-09 07:01:00	CHECKIN	vlEMg1mkRSG0q10XQPCi5	2025-10-16 12:50:58.664	2025-10-16 12:50:58.664
6fDUDHYFruV1j5tlfBr4f	2025-10-09 07:12:00	CHECKIN	Q11tchn2QmlSvSia2s1CA	2025-10-16 12:50:58.665	2025-10-16 12:50:58.665
JlKBTwHUCFhrWjEnrbt2K	2025-10-09 07:05:00	CHECKIN	VrtejGNi9S2Z1c4hl_5hG	2025-10-16 12:50:58.666	2025-10-16 12:50:58.666
W6wpYy8_dHyJqzd9oxZiT	2025-10-09 07:00:00	CHECKIN	QYmzbymJlpxJKqy5yauUk	2025-10-16 12:50:58.667	2025-10-16 12:50:58.667
wXixInzphvNDE2bMys9Xu	2025-10-09 07:08:00	CHECKIN	S2HoDmgjHAQXXQx6FEeuV	2025-10-16 12:50:58.668	2025-10-16 12:50:58.668
P8i_9CdTi08AVx_a242hw	2025-10-09 07:00:00	CHECKIN	4RlSNk5A88VH_W7ir5qRM	2025-10-16 12:50:58.668	2025-10-16 12:50:58.668
G9wFkW4109lxU_-pnC0y1	2025-10-09 07:30:00	CHECKIN	3r1sMBcK1TQWXS-u5j763	2025-10-16 12:50:58.669	2025-10-16 12:50:58.669
GAIi_Q_5v7NZKmAWkh4XM	2025-10-10 07:00:00	CHECKIN	7_onl-MwKet3cGlH4rsth	2025-10-16 12:50:58.67	2025-10-16 12:50:58.67
ijBeCJ3WSB4RmWpeNkmI0	2025-10-10 07:10:00	CHECKIN	Zq7oCUa5FIRLt0hJfsLza	2025-10-16 12:50:58.67	2025-10-16 12:50:58.67
YVSkLLdz8fWI1V8e0sLYm	2025-10-10 07:05:00	CHECKIN	1LyV9dO1MzaDz8DzfSKrn	2025-10-16 12:50:58.671	2025-10-16 12:50:58.671
97ArflBbLcgK-pofu0UE2	2025-10-10 07:15:00	CHECKIN	vlEMg1mkRSG0q10XQPCi5	2025-10-16 12:50:58.672	2025-10-16 12:50:58.672
w_yPxHcAkGSSx_VOtBbvR	2025-10-10 07:00:00	CHECKIN	Q11tchn2QmlSvSia2s1CA	2025-10-16 12:50:58.672	2025-10-16 12:50:58.672
AYdkTKknN8L_k0NbrueKb	2025-10-10 07:08:00	CHECKIN	VrtejGNi9S2Z1c4hl_5hG	2025-10-16 12:50:58.673	2025-10-16 12:50:58.673
NjIt-zZ6nxhubp3D0fjiE	2025-10-10 07:17:00	CHECKIN	QYmzbymJlpxJKqy5yauUk	2025-10-16 12:50:58.674	2025-10-16 12:50:58.674
2o0jJ-6up3Z-go_Mh-2dg	2025-10-10 07:03:00	CHECKIN	S2HoDmgjHAQXXQx6FEeuV	2025-10-16 12:50:58.674	2025-10-16 12:50:58.674
_XBk-9s26EoBXsWHVo9bi	2025-10-10 07:12:00	CHECKIN	dJbSPvx_ZKM9iKSWVGBw4	2025-10-16 12:50:58.675	2025-10-16 12:50:58.675
8BnTHeDBGsgzKiQ3pewyB	2025-10-10 07:00:00	CHECKIN	Hc7YOrHurpFrJvempEmFc	2025-10-16 12:50:58.676	2025-10-16 12:50:58.676
gYEbmxeH-aX58AN8CSwMf	2025-10-11 07:03:00	CHECKIN	7_onl-MwKet3cGlH4rsth	2025-10-16 12:50:58.677	2025-10-16 12:50:58.677
hq7gx4FrYEjuckV7fHb_S	2025-10-11 07:00:00	CHECKIN	Zq7oCUa5FIRLt0hJfsLza	2025-10-16 12:50:58.677	2025-10-16 12:50:58.677
K9b6yT9SVTasZozDSfhAX	2025-10-11 07:12:00	CHECKIN	1LyV9dO1MzaDz8DzfSKrn	2025-10-16 12:50:58.678	2025-10-16 12:50:58.678
Rq2_9je406AxEmqIyEJZ8	2025-10-11 07:08:00	CHECKIN	vlEMg1mkRSG0q10XQPCi5	2025-10-16 12:50:58.679	2025-10-16 12:50:58.679
JVbAunANQpd9GIdyB4K1A	2025-10-11 07:25:00	CHECKIN	Q11tchn2QmlSvSia2s1CA	2025-10-16 12:50:58.679	2025-10-16 12:50:58.679
xGB3MRqd-XtLjFbeahsTw	2025-10-11 07:02:00	CHECKIN	VrtejGNi9S2Z1c4hl_5hG	2025-10-16 12:50:58.68	2025-10-16 12:50:58.68
qhk-R_azK4G71VYmoaXEw	2025-10-11 07:00:00	CHECKIN	QYmzbymJlpxJKqy5yauUk	2025-10-16 12:50:58.681	2025-10-16 12:50:58.681
XkrZWbp2BmXsQhPvdb3Nm	2025-10-11 07:10:00	CHECKIN	S2HoDmgjHAQXXQx6FEeuV	2025-10-16 12:50:58.682	2025-10-16 12:50:58.682
wz8jugJvOG9o29iVCzdSb	2025-10-11 07:05:00	CHECKIN	4RlSNk5A88VH_W7ir5qRM	2025-10-16 12:50:58.682	2025-10-16 12:50:58.682
KQ74kqP25olPgXYRxA5If	2025-10-11 07:20:00	CHECKIN	3r1sMBcK1TQWXS-u5j763	2025-10-16 12:50:58.683	2025-10-16 12:50:58.683
K6vp8PQCtCCFO5T71RkGh	2025-10-14 07:05:00	CHECKIN	7_onl-MwKet3cGlH4rsth	2025-10-16 12:50:58.684	2025-10-16 12:50:58.684
ipVTVUL0hvuhxRPGjyBG6	2025-10-14 06:58:00	CHECKIN	Zq7oCUa5FIRLt0hJfsLza	2025-10-16 12:50:58.684	2025-10-16 12:50:58.684
-c86vw7SasjrbXw_d0AGP	2025-10-14 07:00:00	CHECKIN	1LyV9dO1MzaDz8DzfSKrn	2025-10-16 12:50:58.685	2025-10-16 12:50:58.685
IZeXHgWUkEIq_qV-J-PJC	2025-10-14 07:12:00	CHECKIN	vlEMg1mkRSG0q10XQPCi5	2025-10-16 12:50:58.686	2025-10-16 12:50:58.686
N7z-a1ieqssa4s1gLnDW8	2025-10-14 07:02:00	CHECKIN	Q11tchn2QmlSvSia2s1CA	2025-10-16 12:50:58.687	2025-10-16 12:50:58.687
C72BjEmR9nz5gcKIAx6lV	2025-10-14 07:07:00	CHECKIN	VrtejGNi9S2Z1c4hl_5hG	2025-10-16 12:50:58.687	2025-10-16 12:50:58.687
Mi7SQvoGPwdLGROZBO78U	2025-10-14 07:00:00	CHECKIN	QYmzbymJlpxJKqy5yauUk	2025-10-16 12:50:58.688	2025-10-16 12:50:58.688
69MgeS-tPUhIZVdqodq01	2025-10-14 07:01:00	CHECKIN	S2HoDmgjHAQXXQx6FEeuV	2025-10-16 12:50:58.689	2025-10-16 12:50:58.689
5V_7OuLcFYVFyQAr0lWHO	2025-10-14 07:08:00	CHECKIN	4RlSNk5A88VH_W7ir5qRM	2025-10-16 12:50:58.689	2025-10-16 12:50:58.689
mhhBggrMwdg1GvtlAu84P	2025-10-14 07:10:00	CHECKIN	3r1sMBcK1TQWXS-u5j763	2025-10-16 12:50:58.69	2025-10-16 12:50:58.69
KsbunDE6lAZnpzDpb026A	2025-10-15 07:02:00	CHECKIN	7_onl-MwKet3cGlH4rsth	2025-10-16 12:50:58.691	2025-10-16 12:50:58.691
f1d_9ENk167yjjhOek5g8	2025-10-15 07:05:00	CHECKIN	Zq7oCUa5FIRLt0hJfsLza	2025-10-16 12:50:58.691	2025-10-16 12:50:58.691
tvEmsHRx-vADH-cfoki65	2025-10-15 06:55:00	CHECKIN	1LyV9dO1MzaDz8DzfSKrn	2025-10-16 12:50:58.692	2025-10-16 12:50:58.692
uORhFHJwqL1SG_2HvaGOg	2025-10-15 07:00:00	CHECKIN	vlEMg1mkRSG0q10XQPCi5	2025-10-16 12:50:58.693	2025-10-16 12:50:58.693
4mzuh4h4upJGGCDmGfkVH	2025-10-15 07:10:00	CHECKIN	Q11tchn2QmlSvSia2s1CA	2025-10-16 12:50:58.693	2025-10-16 12:50:58.693
yaNIEXB5pcx1u2UdzRFx0	2025-10-15 07:15:00	CHECKIN	VrtejGNi9S2Z1c4hl_5hG	2025-10-16 12:50:58.694	2025-10-16 12:50:58.694
oIYQGMKF52rI9-OPZPOca	2025-10-15 07:03:00	CHECKIN	QYmzbymJlpxJKqy5yauUk	2025-10-16 12:50:58.695	2025-10-16 12:50:58.695
--TKnzY63iN7PkamqOAju	2025-10-15 07:20:00	CHECKIN	S2HoDmgjHAQXXQx6FEeuV	2025-10-16 12:50:58.695	2025-10-16 12:50:58.695
yoEWiekvvy7CdlbOtN3eL	2025-10-15 07:00:00	CHECKIN	dJbSPvx_ZKM9iKSWVGBw4	2025-10-16 12:50:58.696	2025-10-16 12:50:58.696
THGmRyekRQyqZwc6oWjTS	2025-10-15 06:50:00	CHECKIN	Hc7YOrHurpFrJvempEmFc	2025-10-16 12:50:58.697	2025-10-16 12:50:58.697
wlFzwdCAZ9fjCAV_okNoq	2025-10-16 07:00:00	CHECKIN	7_onl-MwKet3cGlH4rsth	2025-10-16 12:50:58.697	2025-10-16 12:50:58.697
nKaqcNnaR4iN_oPJZ44Ji	2025-10-16 07:03:00	CHECKIN	Zq7oCUa5FIRLt0hJfsLza	2025-10-16 12:50:58.698	2025-10-16 12:50:58.698
8Z8fu0PROTsl_bD2Zvq3x	2025-10-16 07:08:00	CHECKIN	1LyV9dO1MzaDz8DzfSKrn	2025-10-16 12:50:58.698	2025-10-16 12:50:58.698
QMkfMxhsxSjY_gpoAY_TQ	2025-10-16 07:07:00	CHECKIN	vlEMg1mkRSG0q10XQPCi5	2025-10-16 12:50:58.699	2025-10-16 12:50:58.699
RYthrBWPdM5mS0iZMyu0U	2025-10-16 07:00:00	CHECKIN	Q11tchn2QmlSvSia2s1CA	2025-10-16 12:50:58.7	2025-10-16 12:50:58.7
q8Q2b0P71VObQdQ-TCJcx	2025-10-16 06:59:00	CHECKIN	VrtejGNi9S2Z1c4hl_5hG	2025-10-16 12:50:58.701	2025-10-16 12:50:58.701
KgQSYEUOmSwkNp3u2KG1N	2025-10-16 07:12:00	CHECKIN	QYmzbymJlpxJKqy5yauUk	2025-10-16 12:50:58.701	2025-10-16 12:50:58.701
ILAHN1yk69F8gyWH6pI8l	2025-10-16 07:01:00	CHECKIN	S2HoDmgjHAQXXQx6FEeuV	2025-10-16 12:50:58.702	2025-10-16 12:50:58.702
RIaCHskgK1jch1InK70RJ	2025-10-16 07:15:00	CHECKIN	4RlSNk5A88VH_W7ir5qRM	2025-10-16 12:50:58.703	2025-10-16 12:50:58.703
fOn0Kwx3T-IwXh2FE0qb9	2025-10-16 07:25:00	CHECKIN	3r1sMBcK1TQWXS-u5j763	2025-10-16 12:50:58.703	2025-10-16 12:50:58.703
\.


--
-- Data for Name: Contract; Type: TABLE DATA; Schema: public; Owner: postgres
--

COPY public."Contract" (id, "contractType", "startDate", "endDate", "employeeId", "createdAt", "updatedAt") FROM stdin;
hv9HDpjiAZmHqSvoFpYw4	CDI	2020-01-15 00:00:00	\N	7_onl-MwKet3cGlH4rsth	2025-10-16 12:50:58.501	2025-10-16 12:50:58.501
5ayB6Tr9P6-s99-bG9RBJ	CDI	2023-06-01 00:00:00	\N	Zq7oCUa5FIRLt0hJfsLza	2025-10-16 12:50:58.502	2025-10-16 12:50:58.502
Ksdo3qn94xnEkPgMhycYO	CDD	2020-03-01 00:00:00	2021-02-28 00:00:00	1LyV9dO1MzaDz8DzfSKrn	2025-10-16 12:50:58.504	2025-10-16 12:50:58.504
YeSDb8Oq2dyehm9Uk9fRx	CDI	2021-03-01 00:00:00	\N	1LyV9dO1MzaDz8DzfSKrn	2025-10-16 12:50:58.505	2025-10-16 12:50:58.505
8Dy1KPLwnPcnMJVbsswd0	STAGE	2020-03-01 00:00:00	2020-08-31 00:00:00	PZ3UuN4IGxSZqJeYIf62S	2025-10-16 12:50:58.506	2025-10-16 12:50:58.506
PCu8_c6vq0fr2dT3T3nId	CDD	2020-09-01 00:00:00	2021-08-31 00:00:00	PZ3UuN4IGxSZqJeYIf62S	2025-10-16 12:50:58.507	2025-10-16 12:50:58.507
mKy9yS0vg7aQXL1dnea2P	CDI	2021-09-01 00:00:00	\N	PZ3UuN4IGxSZqJeYIf62S	2025-10-16 12:50:58.508	2025-10-16 12:50:58.508
nKCRgnDWJxTzsdqvwkTho	CDI	2024-01-10 00:00:00	\N	vlEMg1mkRSG0q10XQPCi5	2025-10-16 12:50:58.509	2025-10-16 12:50:58.509
clNc0Qs9L2M-Hjdp1DjuG	STAGE	2021-12-01 00:00:00	2022-05-31 00:00:00	Q11tchn2QmlSvSia2s1CA	2025-10-16 12:50:58.51	2025-10-16 12:50:58.51
WBnpbDAkOOZcJBgJL-__4	CDI	2022-06-01 00:00:00	\N	Q11tchn2QmlSvSia2s1CA	2025-10-16 12:50:58.511	2025-10-16 12:50:58.511
GD1KLZOxrbF9r1kFTFJyX	CDD	2021-02-14 00:00:00	2022-02-13 00:00:00	VrtejGNi9S2Z1c4hl_5hG	2025-10-16 12:50:58.512	2025-10-16 12:50:58.512
9MzF6Bv-2VcT8QV9KfP0k	CDI	2022-02-14 00:00:00	\N	VrtejGNi9S2Z1c4hl_5hG	2025-10-16 12:50:58.513	2025-10-16 12:50:58.513
T-vF6CQT678DV26Rrfix3	CDD	2021-01-09 00:00:00	2023-01-08 00:00:00	QYmzbymJlpxJKqy5yauUk	2025-10-16 12:50:58.514	2025-10-16 12:50:58.514
5MAvYrrGpeqIuqbMGrBAR	CDI	2023-01-09 00:00:00	\N	QYmzbymJlpxJKqy5yauUk	2025-10-16 12:50:58.515	2025-10-16 12:50:58.515
PowvnqBoMtQXMymaslM3O	CDD	2022-11-22 00:00:00	2023-05-21 00:00:00	S2HoDmgjHAQXXQx6FEeuV	2025-10-16 12:50:58.516	2025-10-16 12:50:58.516
GEf7lQVBEL5dY_rZ5bcjD	CDI	2023-05-22 00:00:00	\N	S2HoDmgjHAQXXQx6FEeuV	2025-10-16 12:50:58.517	2025-10-16 12:50:58.517
kjTeQKf7eYA0kC6NGhpcC	STAGE	2023-09-11 00:00:00	2023-12-10 00:00:00	4RlSNk5A88VH_W7ir5qRM	2025-10-16 12:50:58.518	2025-10-16 12:50:58.518
yDinm9W1tBWP1yi-jgFLx	CDD	2023-12-11 00:00:00	2024-03-10 00:00:00	4RlSNk5A88VH_W7ir5qRM	2025-10-16 12:50:58.519	2025-10-16 12:50:58.519
IIOjMSdV7f8HhmzEQcXUp	CDI	2024-03-11 00:00:00	\N	4RlSNk5A88VH_W7ir5qRM	2025-10-16 12:50:58.521	2025-10-16 12:50:58.521
qMNIr58gh3p4eekPDTZpp	STAGE	2024-04-01 00:00:00	2024-09-30 00:00:00	dJbSPvx_ZKM9iKSWVGBw4	2025-10-16 12:50:58.522	2025-10-16 12:50:58.522
YQhlaMB1E3z3Ku1RM3M5x	CDD	2024-10-01 00:00:00	2025-09-30 00:00:00	dJbSPvx_ZKM9iKSWVGBw4	2025-10-16 12:50:58.523	2025-10-16 12:50:58.523
XOOFFhn8dMXTTIEwtJVTR	CDD	2024-09-15 00:00:00	2025-09-14 00:00:00	3r1sMBcK1TQWXS-u5j763	2025-10-16 12:50:58.524	2025-10-16 12:50:58.524
tFB6il0l5giR3zXe7nV2X	CDD	2025-01-02 00:00:00	2026-01-01 00:00:00	Hc7YOrHurpFrJvempEmFc	2025-10-16 12:50:58.525	2025-10-16 12:50:58.525
Yn46raLYIOehHfskgWPhv	CDD	2025-02-17 00:00:00	2026-02-16 00:00:00	RbQsd0hcLHhc82u4IGUb9	2025-10-16 12:50:58.525	2025-10-16 12:50:58.525
eFS4rfSDaqIcy53qm5qmP	INTERIM	2025-08-01 00:00:00	2025-11-30 00:00:00	lwuwOqq0LJqF2Vzht1Bbn	2025-10-16 12:50:58.526	2025-10-16 12:50:58.526
0dv8Qf8pBZ_PY2HJRNC1Q	STAGE	2025-04-01 00:00:00	2025-09-30 00:00:00	MMR8caZDXOVWVzOW_7Tkh	2025-10-16 12:50:58.527	2025-10-16 12:50:58.527
\.


--
-- Data for Name: Day; Type: TABLE DATA; Schema: public; Owner: postgres
--

COPY public."Day" (id, "dayOfWeek", arriving, leaving, breack, "scheduleId", "createdAt", "updatedAt") FROM stdin;
piDkkuffxAdlm5Z8QH7IU	MONDAY	07:00	15:00	60	2jBu-9xREhCbpN73sTA2Y	2025-10-16 12:50:58.547	2025-10-16 12:50:58.547
BEXDU0nNDrPbSWWiViR-G	TUESDAY	07:00	15:00	60	2jBu-9xREhCbpN73sTA2Y	2025-10-16 12:50:58.549	2025-10-16 12:50:58.549
KGwaDTStvIhYDOzIyPQQX	WEDNESDAY	07:00	15:00	60	2jBu-9xREhCbpN73sTA2Y	2025-10-16 12:50:58.549	2025-10-16 12:50:58.549
Lwdtj57Ko138ChaS33k8v	THURSDAY	07:00	15:00	60	2jBu-9xREhCbpN73sTA2Y	2025-10-16 12:50:58.549	2025-10-16 12:50:58.549
RdSy6OarSbuKwkuLWaTuD	FRIDAY	07:00	15:00	60	2jBu-9xREhCbpN73sTA2Y	2025-10-16 12:50:58.55	2025-10-16 12:50:58.55
B1viNT4pQA317IYZOgEnR	MONDAY	08:00	17:00	90	8LnIKgynOMNp9fVETaUNE	2025-10-16 12:50:58.55	2025-10-16 12:50:58.55
87bsvT8k2t_jwDmhHFKJr	TUESDAY	08:00	17:00	90	8LnIKgynOMNp9fVETaUNE	2025-10-16 12:50:58.551	2025-10-16 12:50:58.551
NP1tQBYI7U-hveyZPsJgd	WEDNESDAY	08:00	17:00	90	8LnIKgynOMNp9fVETaUNE	2025-10-16 12:50:58.551	2025-10-16 12:50:58.551
fcu_29xyZJrEeL-BhXyUG	THURSDAY	08:00	17:00	90	8LnIKgynOMNp9fVETaUNE	2025-10-16 12:50:58.551	2025-10-16 12:50:58.551
18gfoyPYd1xuq0B2LmBxS	FRIDAY	08:00	17:00	90	8LnIKgynOMNp9fVETaUNE	2025-10-16 12:50:58.552	2025-10-16 12:50:58.552
nufYMi8BqglRqTzfnLZQM	MONDAY	09:00	17:00	60	Bx-pB431RMjQHBPreioiw	2025-10-16 12:50:58.552	2025-10-16 12:50:58.552
uenswbiZBxW9p_xRol01N	TUESDAY	09:00	17:00	60	Bx-pB431RMjQHBPreioiw	2025-10-16 12:50:58.552	2025-10-16 12:50:58.552
9fpi1aQD3fRG0JeVXGCTA	WEDNESDAY	09:00	17:00	60	Bx-pB431RMjQHBPreioiw	2025-10-16 12:50:58.553	2025-10-16 12:50:58.553
05yF0xWAfkxcrkVpEScps	THURSDAY	09:00	17:00	60	Bx-pB431RMjQHBPreioiw	2025-10-16 12:50:58.553	2025-10-16 12:50:58.553
W0OIg_5g2Lyb5R0GN-HE5	FRIDAY	09:00	17:00	60	Bx-pB431RMjQHBPreioiw	2025-10-16 12:50:58.553	2025-10-16 12:50:58.553
ArlscYQXaxY3mZ3mtnqSz	MONDAY	10:00	18:00	60	wGZq2ikQz4qNxWxVFejag	2025-10-16 12:50:58.553	2025-10-16 12:50:58.553
hDJmK3zZfBEWfbgb95eYk	TUESDAY	10:00	18:00	60	wGZq2ikQz4qNxWxVFejag	2025-10-16 12:50:58.554	2025-10-16 12:50:58.554
MqOSVK56wzs9LcnadygAb	WEDNESDAY	10:00	18:00	60	wGZq2ikQz4qNxWxVFejag	2025-10-16 12:50:58.554	2025-10-16 12:50:58.554
0lH8jak1z04KTFqB9XEWQ	THURSDAY	10:00	18:00	60	wGZq2ikQz4qNxWxVFejag	2025-10-16 12:50:58.555	2025-10-16 12:50:58.555
5rvZ8OKk93Hp6cZeW-Uko	FRIDAY	10:00	18:00	60	wGZq2ikQz4qNxWxVFejag	2025-10-16 12:50:58.555	2025-10-16 12:50:58.555
_IS-1TkTlmoWtuEim1dNc	MONDAY	09:00	17:00	60	hcH_Aaywzfj5_PaUQC6XS	2025-10-16 12:50:58.555	2025-10-16 12:50:58.555
5_-cJjlXwPKSrUB3LpKqP	TUESDAY	09:00	17:00	60	hcH_Aaywzfj5_PaUQC6XS	2025-10-16 12:50:58.556	2025-10-16 12:50:58.556
VTboEeMRgUJsBWPxIc2FC	WEDNESDAY	09:00	17:00	60	hcH_Aaywzfj5_PaUQC6XS	2025-10-16 12:50:58.556	2025-10-16 12:50:58.556
l41RyZTqRYHJ7nlFWCMw4	THURSDAY	09:00	17:00	60	hcH_Aaywzfj5_PaUQC6XS	2025-10-16 12:50:58.556	2025-10-16 12:50:58.556
4LquLn1jId6GC6hj47nBX	FRIDAY	09:00	17:00	60	hcH_Aaywzfj5_PaUQC6XS	2025-10-16 12:50:58.557	2025-10-16 12:50:58.557
7jTfx1oG-s0JZ6VLtNwzg	MONDAY	10:00	19:00	90	5-tEQvIjZ0CzWalospFdr	2025-10-16 12:50:58.557	2025-10-16 12:50:58.557
Mu6bTFJoEKMYSJjmQ94BI	TUESDAY	10:00	19:00	90	5-tEQvIjZ0CzWalospFdr	2025-10-16 12:50:58.557	2025-10-16 12:50:58.557
Q-cx22Fp4-BwoqqmsG0Tz	WEDNESDAY	10:00	19:00	90	5-tEQvIjZ0CzWalospFdr	2025-10-16 12:50:58.557	2025-10-16 12:50:58.557
zE9qjvir00L44ya-zrd2i	THURSDAY	10:00	19:00	90	5-tEQvIjZ0CzWalospFdr	2025-10-16 12:50:58.558	2025-10-16 12:50:58.558
G0UrhKtkqfHU1j0XM0eot	FRIDAY	10:00	19:00	90	5-tEQvIjZ0CzWalospFdr	2025-10-16 12:50:58.558	2025-10-16 12:50:58.558
L3-QQls9ccj_w3IKgVtaA	MONDAY	08:00	17:00	90	DM3AHx4MV21mo5-1gXIsO	2025-10-16 12:50:58.558	2025-10-16 12:50:58.558
fy9qJT2BaXHSctCF4OEPi	TUESDAY	08:00	17:00	90	DM3AHx4MV21mo5-1gXIsO	2025-10-16 12:50:58.559	2025-10-16 12:50:58.559
-m3gHh3bGbFCv1-pVzkWT	WEDNESDAY	08:00	17:00	90	DM3AHx4MV21mo5-1gXIsO	2025-10-16 12:50:58.559	2025-10-16 12:50:58.559
XEICraGFQlthHv0RDso3Y	THURSDAY	08:00	17:00	90	DM3AHx4MV21mo5-1gXIsO	2025-10-16 12:50:58.559	2025-10-16 12:50:58.559
UiG2xm-0-3-LDNxrjV3Nr	FRIDAY	08:00	17:00	90	DM3AHx4MV21mo5-1gXIsO	2025-10-16 12:50:58.56	2025-10-16 12:50:58.56
rNVG9mCvzB5TpKQ9TOuE7	TUESDAY	09:00	18:00	60	R6wBQoWBilHvL70wpGpsm	2025-10-16 12:50:58.56	2025-10-16 12:50:58.56
TIz6yMMyZK65rcE1PgX_k	WEDNESDAY	09:00	18:00	60	R6wBQoWBilHvL70wpGpsm	2025-10-16 12:50:58.56	2025-10-16 12:50:58.56
3t4N85ZfqAUMp8pTtWLWm	THURSDAY	09:00	18:00	60	R6wBQoWBilHvL70wpGpsm	2025-10-16 12:50:58.561	2025-10-16 12:50:58.561
MCeBBjp5ZEEQsKH2YA6da	FRIDAY	09:00	18:00	60	R6wBQoWBilHvL70wpGpsm	2025-10-16 12:50:58.561	2025-10-16 12:50:58.561
GC32aUaivC4jwMm7zKAii	SATURDAY	09:00	18:00	60	R6wBQoWBilHvL70wpGpsm	2025-10-16 12:50:58.561	2025-10-16 12:50:58.561
7BnuVlCjWMD9BMore8Le0	TUESDAY	08:00	16:00	60	kxBJF2AsxskVEbYTuFIgp	2025-10-16 12:50:58.562	2025-10-16 12:50:58.562
gfJV3mvnZlQW7871Sc9Kt	WEDNESDAY	08:00	16:00	60	kxBJF2AsxskVEbYTuFIgp	2025-10-16 12:50:58.562	2025-10-16 12:50:58.562
_SiJzQ-20hTadspnMNwmA	THURSDAY	08:00	16:00	60	kxBJF2AsxskVEbYTuFIgp	2025-10-16 12:50:58.562	2025-10-16 12:50:58.562
vT4vnJyKgLf22amXkdRQa	FRIDAY	08:00	16:00	60	kxBJF2AsxskVEbYTuFIgp	2025-10-16 12:50:58.563	2025-10-16 12:50:58.563
VWhwVwHn1cGdrzka8xay_	SATURDAY	08:00	16:00	60	kxBJF2AsxskVEbYTuFIgp	2025-10-16 12:50:58.563	2025-10-16 12:50:58.563
Mtsj0Hd2WAeizzF-TrYtB	MONDAY	09:00	17:00	60	Eb0LUgqeywzrCap8uiNlA	2025-10-16 12:50:58.563	2025-10-16 12:50:58.563
ZbXDzDHAvS9dVq-TXTe_5	TUESDAY	09:00	17:00	60	Eb0LUgqeywzrCap8uiNlA	2025-10-16 12:50:58.563	2025-10-16 12:50:58.563
pxIvP4Ji6DnNZXO5prV96	WEDNESDAY	09:00	17:00	60	Eb0LUgqeywzrCap8uiNlA	2025-10-16 12:50:58.564	2025-10-16 12:50:58.564
CsgygCTxNAtSMpmz_W5m6	THURSDAY	09:00	17:00	60	Eb0LUgqeywzrCap8uiNlA	2025-10-16 12:50:58.564	2025-10-16 12:50:58.564
Ocz5bK0O8ko9A4QmD0qeM	FRIDAY	09:00	17:00	60	Eb0LUgqeywzrCap8uiNlA	2025-10-16 12:50:58.564	2025-10-16 12:50:58.564
dWYou_t1maVH3nUHc9hLe	MONDAY	08:00	16:00	60	r9eUJ_fGyCaToUcUgRGhz	2025-10-16 12:50:58.565	2025-10-16 12:50:58.565
bZck0p2WSccWAJy8q_c5k	TUESDAY	08:00	16:00	60	r9eUJ_fGyCaToUcUgRGhz	2025-10-16 12:50:58.565	2025-10-16 12:50:58.565
vtRLnrzORDARXqcSPU_Yb	WEDNESDAY	08:00	16:00	60	r9eUJ_fGyCaToUcUgRGhz	2025-10-16 12:50:58.565	2025-10-16 12:50:58.565
3WUJwvXjZ6v8k5Bk8vhw2	THURSDAY	08:00	16:00	60	r9eUJ_fGyCaToUcUgRGhz	2025-10-16 12:50:58.566	2025-10-16 12:50:58.566
4b5B755O8vVxR7azzKrC-	FRIDAY	08:00	16:00	60	r9eUJ_fGyCaToUcUgRGhz	2025-10-16 12:50:58.566	2025-10-16 12:50:58.566
4slrgQIl3nW7wFBY-6BGD	MONDAY	08:00	17:00	90	y8Fhing_rw5fRYNd6nck5	2025-10-16 12:50:58.566	2025-10-16 12:50:58.566
GA9aZdysXspTWIXwLn8w2	TUESDAY	08:00	17:00	90	y8Fhing_rw5fRYNd6nck5	2025-10-16 12:50:58.566	2025-10-16 12:50:58.566
HfQk3FEwdmqL4PJFd2Xs6	WEDNESDAY	08:00	17:00	90	y8Fhing_rw5fRYNd6nck5	2025-10-16 12:50:58.567	2025-10-16 12:50:58.567
-sr1js8eV7oudp-ZaEiO9	THURSDAY	08:00	17:00	90	y8Fhing_rw5fRYNd6nck5	2025-10-16 12:50:58.567	2025-10-16 12:50:58.567
LZ_ZdZ_KWHr8WnnCeC988	FRIDAY	08:00	17:00	90	y8Fhing_rw5fRYNd6nck5	2025-10-16 12:50:58.567	2025-10-16 12:50:58.567
fE11d2BjarSa6Li7D0EjL	MONDAY	07:00	15:00	60	OVzBCl8lzBvONXk4TW2Mz	2025-10-16 12:50:58.568	2025-10-16 12:50:58.568
V3AnxklxZmXoXYXw_HR8q	TUESDAY	07:00	15:00	60	OVzBCl8lzBvONXk4TW2Mz	2025-10-16 12:50:58.568	2025-10-16 12:50:58.568
YB38GSy9gbz3Z7HmJd8qo	WEDNESDAY	07:00	15:00	60	OVzBCl8lzBvONXk4TW2Mz	2025-10-16 12:50:58.568	2025-10-16 12:50:58.568
odBKX2GbAtSHSofRP7dX4	THURSDAY	07:00	15:00	60	OVzBCl8lzBvONXk4TW2Mz	2025-10-16 12:50:58.568	2025-10-16 12:50:58.568
fP16Bn8_s-qGVWmL1EEv4	FRIDAY	07:00	15:00	60	OVzBCl8lzBvONXk4TW2Mz	2025-10-16 12:50:58.569	2025-10-16 12:50:58.569
1Z_CpgVgIIib6I5r9rSwQ	MONDAY	09:00	17:00	60	qUKKOEZOlYyIQAxnNXBwM	2025-10-16 12:50:58.569	2025-10-16 12:50:58.569
KLrL6h-9xlm1UpfczjDD2	TUESDAY	09:00	17:00	60	qUKKOEZOlYyIQAxnNXBwM	2025-10-16 12:50:58.569	2025-10-16 12:50:58.569
9yNC_JKov1KW7Gd0YbKhd	WEDNESDAY	09:00	17:00	60	qUKKOEZOlYyIQAxnNXBwM	2025-10-16 12:50:58.57	2025-10-16 12:50:58.57
r4Nq17dRCbDCs8VzC0-vj	THURSDAY	09:00	17:00	60	qUKKOEZOlYyIQAxnNXBwM	2025-10-16 12:50:58.57	2025-10-16 12:50:58.57
To2Nnk8wL-pZZZgsifT3u	FRIDAY	09:00	17:00	60	qUKKOEZOlYyIQAxnNXBwM	2025-10-16 12:50:58.57	2025-10-16 12:50:58.57
38UJpX8dK71LVHgKUsPKZ	MONDAY	09:00	17:00	60	pLIR51cXCRSH1gcSG90hU	2025-10-16 12:50:58.57	2025-10-16 12:50:58.57
PmLKa8qnKAtfRKwtLEAb6	TUESDAY	09:00	17:00	60	pLIR51cXCRSH1gcSG90hU	2025-10-16 12:50:58.571	2025-10-16 12:50:58.571
UMqdtwc5AszmpOD58eumh	WEDNESDAY	09:00	17:00	60	pLIR51cXCRSH1gcSG90hU	2025-10-16 12:50:58.571	2025-10-16 12:50:58.571
hAwNMxO_GIfzFu5eiWRFV	THURSDAY	09:00	17:00	60	pLIR51cXCRSH1gcSG90hU	2025-10-16 12:50:58.571	2025-10-16 12:50:58.571
4FYXEpGqPppyZye08vfFm	FRIDAY	09:00	17:00	60	pLIR51cXCRSH1gcSG90hU	2025-10-16 12:50:58.572	2025-10-16 12:50:58.572
9FYIryU764hEibzzUzh2G	MONDAY	09:00	17:00	45	HV1NAQWhU8frpx70o24xh	2025-10-16 12:50:58.572	2025-10-16 12:50:58.572
_0x_zBW7goiYvu4fOzia2	TUESDAY	09:00	17:00	45	HV1NAQWhU8frpx70o24xh	2025-10-16 12:50:58.572	2025-10-16 12:50:58.572
xIUvxUi_xc3ce42efxSU_	WEDNESDAY	09:00	17:00	45	HV1NAQWhU8frpx70o24xh	2025-10-16 12:50:58.572	2025-10-16 12:50:58.572
GhSjm3uG1CuKZ9Si7Eptk	THURSDAY	09:00	17:00	45	HV1NAQWhU8frpx70o24xh	2025-10-16 12:50:58.573	2025-10-16 12:50:58.573
knDBSKlWtoc4Xq_6HysYe	FRIDAY	09:00	17:00	45	HV1NAQWhU8frpx70o24xh	2025-10-16 12:50:58.573	2025-10-16 12:50:58.573
rlMxmiD0u_hSWw4qqZa8l	TUESDAY	09:00	18:00	60	oYqoUqlxx96wT_jYIEjFo	2025-10-16 12:50:58.573	2025-10-16 12:50:58.573
dIricgaaalP8Xm3JXvE6h	WEDNESDAY	09:00	18:00	60	oYqoUqlxx96wT_jYIEjFo	2025-10-16 12:50:58.573	2025-10-16 12:50:58.573
ZTWcuN9KBcCAywiEK_b-8	THURSDAY	09:00	18:00	60	oYqoUqlxx96wT_jYIEjFo	2025-10-16 12:50:58.574	2025-10-16 12:50:58.574
OiWTQvikys46-Jn8h4jRh	FRIDAY	09:00	18:00	60	oYqoUqlxx96wT_jYIEjFo	2025-10-16 12:50:58.574	2025-10-16 12:50:58.574
SHpzn4vUn6GsOxp5ca8s4	SATURDAY	09:00	18:00	60	oYqoUqlxx96wT_jYIEjFo	2025-10-16 12:50:58.574	2025-10-16 12:50:58.574
paH8BPP72d7YuI5o6Z3Gm	MONDAY	09:00	18:00	90	zU4gvh2ORHEJM20kClQ5k	2025-10-16 12:50:58.574	2025-10-16 12:50:58.574
HMc0bsddDfv1-jkbcA4dj	TUESDAY	09:00	18:00	90	zU4gvh2ORHEJM20kClQ5k	2025-10-16 12:50:58.575	2025-10-16 12:50:58.575
bO7xZYieDT5ZbiXiOxCRG	WEDNESDAY	09:00	18:00	90	zU4gvh2ORHEJM20kClQ5k	2025-10-16 12:50:58.575	2025-10-16 12:50:58.575
MGoo9lWEQvwt0oRzRC9y2	THURSDAY	09:00	18:00	90	zU4gvh2ORHEJM20kClQ5k	2025-10-16 12:50:58.575	2025-10-16 12:50:58.575
VVXOmH77I95TtoPllyjh1	FRIDAY	09:00	18:00	90	zU4gvh2ORHEJM20kClQ5k	2025-10-16 12:50:58.575	2025-10-16 12:50:58.575
9uyu8vCAXE8_2lvcqxi1d	MONDAY	09:00	17:00	60	xjd9KLCOEIXSuuMlakg6O	2025-10-16 12:50:58.576	2025-10-16 12:50:58.576
l2aK53rjvhbZwnmmyto9a	TUESDAY	09:00	17:00	60	xjd9KLCOEIXSuuMlakg6O	2025-10-16 12:50:58.576	2025-10-16 12:50:58.576
nsTW4d0kq5qlXGxu_eR9Q	WEDNESDAY	09:00	17:00	60	xjd9KLCOEIXSuuMlakg6O	2025-10-16 12:50:58.576	2025-10-16 12:50:58.576
g9kutAWq9DcIb6oGLRhmg	THURSDAY	09:00	17:00	60	xjd9KLCOEIXSuuMlakg6O	2025-10-16 12:50:58.577	2025-10-16 12:50:58.577
WKc2yGzX0FGDtOrbHHZu8	FRIDAY	09:00	17:00	60	xjd9KLCOEIXSuuMlakg6O	2025-10-16 12:50:58.577	2025-10-16 12:50:58.577
dOl5YvLWKVBTl2ikkhMZD	TUESDAY	08:00	16:00	60	cZivQfVI-ly4XLc7rVBEu	2025-10-16 12:50:58.577	2025-10-16 12:50:58.577
Uets86wF41JlL8V4LHTS5	WEDNESDAY	08:00	16:00	60	cZivQfVI-ly4XLc7rVBEu	2025-10-16 12:50:58.577	2025-10-16 12:50:58.577
ur5rnq6_hqzbeii8ZHHKC	THURSDAY	08:00	16:00	60	cZivQfVI-ly4XLc7rVBEu	2025-10-16 12:50:58.578	2025-10-16 12:50:58.578
TGTbQU2X9yfjHcDW5aywi	FRIDAY	08:00	16:00	60	cZivQfVI-ly4XLc7rVBEu	2025-10-16 12:50:58.578	2025-10-16 12:50:58.578
9sE27HNCj6-IHOvqSDUjA	SATURDAY	08:00	16:00	60	cZivQfVI-ly4XLc7rVBEu	2025-10-16 12:50:58.578	2025-10-16 12:50:58.578
4_Hzc_dNdb1JU3AeOLFfK	MONDAY	09:00	18:00	90	XIBW7v8EdmYFNtij8XuMi	2025-10-16 12:50:58.579	2025-10-16 12:50:58.579
jspVeDLmyNe2lO_eYvK_b	TUESDAY	09:00	18:00	90	XIBW7v8EdmYFNtij8XuMi	2025-10-16 12:50:58.579	2025-10-16 12:50:58.579
FwZvawSom5hSaYhsSGk-T	WEDNESDAY	09:00	18:00	90	XIBW7v8EdmYFNtij8XuMi	2025-10-16 12:50:58.579	2025-10-16 12:50:58.579
q6jPjOYU5N4hEDPbLRPPN	THURSDAY	09:00	18:00	90	XIBW7v8EdmYFNtij8XuMi	2025-10-16 12:50:58.58	2025-10-16 12:50:58.58
psV8sj-pzWlw8qNGbMfxv	FRIDAY	09:00	18:00	90	XIBW7v8EdmYFNtij8XuMi	2025-10-16 12:50:58.58	2025-10-16 12:50:58.58
RwH0jtceN1T-5msoxtGO4	MONDAY	09:00	17:00	60	zPz0CO4yrU511NN92UAZB	2025-10-16 12:50:58.58	2025-10-16 12:50:58.58
kecWI2VuucMlohnAbSt_h	TUESDAY	09:00	17:00	60	zPz0CO4yrU511NN92UAZB	2025-10-16 12:50:58.581	2025-10-16 12:50:58.581
CNqvOQgVRlX_d4iqT2wsU	WEDNESDAY	09:00	17:00	60	zPz0CO4yrU511NN92UAZB	2025-10-16 12:50:58.581	2025-10-16 12:50:58.581
9FMf_CZguebR2T7rLiuIe	THURSDAY	09:00	17:00	60	zPz0CO4yrU511NN92UAZB	2025-10-16 12:50:58.581	2025-10-16 12:50:58.581
pJ97-sRLXxRoD41jDzxoe	FRIDAY	09:00	17:00	60	zPz0CO4yrU511NN92UAZB	2025-10-16 12:50:58.581	2025-10-16 12:50:58.581
9y44IJRi-lbrFWxzPhpQk	MONDAY	09:00	17:00	45	CTXcwopdrRMZXj65E8mL7	2025-10-16 12:50:58.582	2025-10-16 12:50:58.582
5uhZFr7l1MEJAps8r4mvV	TUESDAY	09:00	17:00	45	CTXcwopdrRMZXj65E8mL7	2025-10-16 12:50:58.582	2025-10-16 12:50:58.582
zdOj4bfC6XTeb8_aygt2W	WEDNESDAY	09:00	17:00	45	CTXcwopdrRMZXj65E8mL7	2025-10-16 12:50:58.582	2025-10-16 12:50:58.582
qJqGFbBdEEJcFmyeOQ6_V	THURSDAY	09:00	17:00	45	CTXcwopdrRMZXj65E8mL7	2025-10-16 12:50:58.582	2025-10-16 12:50:58.582
gFvqDdus_rhF8Pf54fcej	FRIDAY	09:00	17:00	45	CTXcwopdrRMZXj65E8mL7	2025-10-16 12:50:58.583	2025-10-16 12:50:58.583
qIklohf6afhffJWieMmpY	MONDAY	10:00	18:00	60	wodWkm2NuVxGAMN4oS0ma	2025-10-16 12:50:58.583	2025-10-16 12:50:58.583
xYH17wfBlcG8x9zlD0HA3	TUESDAY	10:00	18:00	60	wodWkm2NuVxGAMN4oS0ma	2025-10-16 12:50:58.583	2025-10-16 12:50:58.583
83W3GPwA-7rsztHryaBFv	WEDNESDAY	10:00	18:00	60	wodWkm2NuVxGAMN4oS0ma	2025-10-16 12:50:58.583	2025-10-16 12:50:58.583
rcdlfUFrCDaLWTft4hz-P	THURSDAY	10:00	18:00	60	wodWkm2NuVxGAMN4oS0ma	2025-10-16 12:50:58.584	2025-10-16 12:50:58.584
iz7PyFzu0RGH2NK--NCPv	FRIDAY	10:00	18:00	60	wodWkm2NuVxGAMN4oS0ma	2025-10-16 12:50:58.584	2025-10-16 12:50:58.584
xqSSiucDH_z5IfIF2kOE6	MONDAY	09:00	17:00	60	f8nyRbr_oyhyCSmt-P5L8	2025-10-16 12:50:58.584	2025-10-16 12:50:58.584
5_w-CdA2q_Mpw74xGstDK	TUESDAY	09:00	17:00	60	f8nyRbr_oyhyCSmt-P5L8	2025-10-16 12:50:58.584	2025-10-16 12:50:58.584
zFFK__ghNhA7hbtWh6OZG	WEDNESDAY	09:00	17:00	60	f8nyRbr_oyhyCSmt-P5L8	2025-10-16 12:50:58.585	2025-10-16 12:50:58.585
2NnaMyBmkFRKkO036ECqk	THURSDAY	09:00	17:00	60	f8nyRbr_oyhyCSmt-P5L8	2025-10-16 12:50:58.585	2025-10-16 12:50:58.585
t9IauPESRwSS6Y_oMqEJP	FRIDAY	09:00	17:00	60	f8nyRbr_oyhyCSmt-P5L8	2025-10-16 12:50:58.585	2025-10-16 12:50:58.585
x3myntaj5_miAHEknjaX6	MONDAY	08:30	16:30	60	IYj9DNi1p0unGFl-U-uli	2025-10-16 12:50:58.585	2025-10-16 12:50:58.585
ASaLMdN_yWwQxACAlTVxB	TUESDAY	08:30	16:30	60	IYj9DNi1p0unGFl-U-uli	2025-10-16 12:50:58.586	2025-10-16 12:50:58.586
K-MYEEAsc-IdHQXCXDBjU	WEDNESDAY	08:30	16:30	60	IYj9DNi1p0unGFl-U-uli	2025-10-16 12:50:58.586	2025-10-16 12:50:58.586
_wzk7HfGQK_4L5KUmArrb	THURSDAY	08:30	16:30	60	IYj9DNi1p0unGFl-U-uli	2025-10-16 12:50:58.586	2025-10-16 12:50:58.586
khd0OE5YFbx5ofbWbcfCy	FRIDAY	08:30	16:30	60	IYj9DNi1p0unGFl-U-uli	2025-10-16 12:50:58.586	2025-10-16 12:50:58.586
sGuMH89bRJszv8fbOLbUB	MONDAY	09:00	17:00	60	y5Kd7pSUKdZoV5c9Bpgka	2025-10-16 12:50:58.587	2025-10-16 12:50:58.587
4czHUYiAuQ3ZvakMecZMQ	TUESDAY	09:00	17:00	60	y5Kd7pSUKdZoV5c9Bpgka	2025-10-16 12:50:58.587	2025-10-16 12:50:58.587
NZ8e0-4VDdkkZ0pDYt-Gw	WEDNESDAY	09:00	17:00	60	y5Kd7pSUKdZoV5c9Bpgka	2025-10-16 12:50:58.587	2025-10-16 12:50:58.587
VN755qMpwJXCSgBWQnxb6	THURSDAY	09:00	17:00	60	y5Kd7pSUKdZoV5c9Bpgka	2025-10-16 12:50:58.588	2025-10-16 12:50:58.588
Xk-N6bGOdHmT_Eb8uTe2i	FRIDAY	09:00	17:00	60	y5Kd7pSUKdZoV5c9Bpgka	2025-10-16 12:50:58.588	2025-10-16 12:50:58.588
H60Z9qNvDDDZhNHtQMqmV	MONDAY	10:00	18:00	60	L01vabW2_vZqkE27suyCa	2025-10-16 12:50:58.588	2025-10-16 12:50:58.588
NmqYutdlvFVSRUKdhGlaM	TUESDAY	10:00	18:00	60	L01vabW2_vZqkE27suyCa	2025-10-16 12:50:58.588	2025-10-16 12:50:58.588
UotlwWbHXAJN6l2ktMs4u	WEDNESDAY	10:00	18:00	60	L01vabW2_vZqkE27suyCa	2025-10-16 12:50:58.589	2025-10-16 12:50:58.589
sjF6OB2k-bL-X87eCWOa7	THURSDAY	10:00	18:00	60	L01vabW2_vZqkE27suyCa	2025-10-16 12:50:58.589	2025-10-16 12:50:58.589
yN7kxU9YGoDIU4iSCf6c7	FRIDAY	10:00	18:00	60	L01vabW2_vZqkE27suyCa	2025-10-16 12:50:58.589	2025-10-16 12:50:58.589
hfr3I7EkMLqhhR_m5ZqAq	TUESDAY	09:00	18:00	60	mLktdSwunXYo8X_euMVBv	2025-10-16 12:50:58.59	2025-10-16 12:50:58.59
xXcvIFN30pHBBe8GCgJs3	WEDNESDAY	09:00	18:00	60	mLktdSwunXYo8X_euMVBv	2025-10-16 12:50:58.59	2025-10-16 12:50:58.59
TPkDNMEjKVf_t843PdhW_	THURSDAY	09:00	18:00	60	mLktdSwunXYo8X_euMVBv	2025-10-16 12:50:58.59	2025-10-16 12:50:58.59
doLEKccAfOs6tRJ76tGWc	FRIDAY	09:00	18:00	60	mLktdSwunXYo8X_euMVBv	2025-10-16 12:50:58.591	2025-10-16 12:50:58.591
jh03M0NoaPSFYAaVwMqfZ	SATURDAY	09:00	18:00	60	mLktdSwunXYo8X_euMVBv	2025-10-16 12:50:58.591	2025-10-16 12:50:58.591
HvlkC-d8YH1-v8bWTv-s9	TUESDAY	08:00	16:00	60	VT2QRG2jggSY6CoK8kRb_	2025-10-16 12:50:58.591	2025-10-16 12:50:58.591
UWCiv5a1oLvVAzEFBsncl	WEDNESDAY	08:00	16:00	60	VT2QRG2jggSY6CoK8kRb_	2025-10-16 12:50:58.591	2025-10-16 12:50:58.591
l5mq8AVEDm9ZSrfL2KoSu	THURSDAY	08:00	16:00	60	VT2QRG2jggSY6CoK8kRb_	2025-10-16 12:50:58.592	2025-10-16 12:50:58.592
NWgVRlXyCqubvndKnCW97	FRIDAY	08:00	16:00	60	VT2QRG2jggSY6CoK8kRb_	2025-10-16 12:50:58.592	2025-10-16 12:50:58.592
bNVdCcFvOhNYO-WKiUhBW	SATURDAY	08:00	16:00	60	VT2QRG2jggSY6CoK8kRb_	2025-10-16 12:50:58.592	2025-10-16 12:50:58.592
BlG7-jV0Xm3IPKRrNinGk	MONDAY	09:00	17:00	60	7bFxd_PyC_hf7LO6BfE9e	2025-10-16 12:50:58.592	2025-10-16 12:50:58.592
h2rTlPFAsSmD0_3U3qS7S	TUESDAY	09:00	17:00	60	7bFxd_PyC_hf7LO6BfE9e	2025-10-16 12:50:58.593	2025-10-16 12:50:58.593
kWAzCA_nOi4xnSV7psxVf	WEDNESDAY	09:00	17:00	60	7bFxd_PyC_hf7LO6BfE9e	2025-10-16 12:50:58.593	2025-10-16 12:50:58.593
Z1u63u5wVwWnJ6dDL815M	THURSDAY	09:00	17:00	60	7bFxd_PyC_hf7LO6BfE9e	2025-10-16 12:50:58.593	2025-10-16 12:50:58.593
CCN8YeCeThsgew9zquOz3	FRIDAY	09:00	17:00	60	7bFxd_PyC_hf7LO6BfE9e	2025-10-16 12:50:58.593	2025-10-16 12:50:58.593
qpLmvlsHhVuVx2tMj9cdT	MONDAY	09:00	18:00	90	XICW56X9r8X9F9NNYOCxk	2025-10-16 12:50:58.594	2025-10-16 12:50:58.594
06Dyl2Km-Tlr6r-eKq9Ji	TUESDAY	09:00	18:00	90	XICW56X9r8X9F9NNYOCxk	2025-10-16 12:50:58.594	2025-10-16 12:50:58.594
TsvVLXz7HR5Z_23nq4Ql5	WEDNESDAY	09:00	18:00	90	XICW56X9r8X9F9NNYOCxk	2025-10-16 12:50:58.594	2025-10-16 12:50:58.594
q7YKjOEmxc28ANJxvTT3G	THURSDAY	09:00	18:00	90	XICW56X9r8X9F9NNYOCxk	2025-10-16 12:50:58.595	2025-10-16 12:50:58.595
YHf9Z-XubYneKXEr4aqWq	FRIDAY	09:00	18:00	90	XICW56X9r8X9F9NNYOCxk	2025-10-16 12:50:58.595	2025-10-16 12:50:58.595
iTW2aw3tPap8S_-huOvnc	MONDAY	10:00	19:00	90	Cl8vozqVeXwJjO2cEzml2	2025-10-16 12:50:58.595	2025-10-16 12:50:58.595
Gz9fpaifG77zLcjnkqq4A	TUESDAY	10:00	19:00	90	Cl8vozqVeXwJjO2cEzml2	2025-10-16 12:50:58.595	2025-10-16 12:50:58.595
VKXmpSUc61BY7r4ntKvXQ	WEDNESDAY	10:00	19:00	90	Cl8vozqVeXwJjO2cEzml2	2025-10-16 12:50:58.596	2025-10-16 12:50:58.596
Dy2IK6yj1Q7BEyk1U_0Z5	THURSDAY	10:00	19:00	90	Cl8vozqVeXwJjO2cEzml2	2025-10-16 12:50:58.596	2025-10-16 12:50:58.596
bAKCm3s7AYkfu9SCHbrk_	FRIDAY	10:00	19:00	90	Cl8vozqVeXwJjO2cEzml2	2025-10-16 12:50:58.596	2025-10-16 12:50:58.596
iQ2Lv1B5EI_sqdt0JUtCE	TUESDAY	09:00	18:00	60	e2eF6_b41Qt6dC460L9i7	2025-10-16 12:50:58.596	2025-10-16 12:50:58.596
F9i60b5F3K1-pRoxepeSw	WEDNESDAY	09:00	18:00	60	e2eF6_b41Qt6dC460L9i7	2025-10-16 12:50:58.597	2025-10-16 12:50:58.597
ZJWc5mKRzII6yg-4jnA_v	THURSDAY	09:00	18:00	60	e2eF6_b41Qt6dC460L9i7	2025-10-16 12:50:58.597	2025-10-16 12:50:58.597
FnD1TTsefYEt2UqpCryvb	FRIDAY	09:00	18:00	60	e2eF6_b41Qt6dC460L9i7	2025-10-16 12:50:58.597	2025-10-16 12:50:58.597
uIOucwfqGT1TA565K2ej1	SATURDAY	09:00	18:00	60	e2eF6_b41Qt6dC460L9i7	2025-10-16 12:50:58.598	2025-10-16 12:50:58.598
U1VvD9iAw_YAWrCr-MLTV	MONDAY	09:00	17:00	60	-_GtqQQcOr2dP69dV5JtM	2025-10-16 12:50:58.598	2025-10-16 12:50:58.598
xDfwBfQSsGQyqWxRnazBy	TUESDAY	09:00	17:00	60	-_GtqQQcOr2dP69dV5JtM	2025-10-16 12:50:58.598	2025-10-16 12:50:58.598
NbI8qyNaiYc_g0GZlXmI1	WEDNESDAY	09:00	17:00	60	-_GtqQQcOr2dP69dV5JtM	2025-10-16 12:50:58.599	2025-10-16 12:50:58.599
JZJE4M5dD49bYZhJ3U9LN	THURSDAY	09:00	17:00	60	-_GtqQQcOr2dP69dV5JtM	2025-10-16 12:50:58.599	2025-10-16 12:50:58.599
Br0sFTZXIhyxwEWtpZfr6	FRIDAY	09:00	17:00	60	-_GtqQQcOr2dP69dV5JtM	2025-10-16 12:50:58.599	2025-10-16 12:50:58.599
eagMyJhBs1Rq3CEX4pyGM	MONDAY	10:00	18:00	60	ttaouBmnlBvyxxv8o7Q4w	2025-10-16 12:50:58.599	2025-10-16 12:50:58.599
RgWYHwR_ptS9c7E0-QvuQ	TUESDAY	10:00	18:00	60	ttaouBmnlBvyxxv8o7Q4w	2025-10-16 12:50:58.6	2025-10-16 12:50:58.6
sY08h3Q9gi2_iIowhYsNk	WEDNESDAY	10:00	18:00	60	ttaouBmnlBvyxxv8o7Q4w	2025-10-16 12:50:58.6	2025-10-16 12:50:58.6
k_1VtQdtixhrP5N3dzFJa	THURSDAY	10:00	18:00	60	ttaouBmnlBvyxxv8o7Q4w	2025-10-16 12:50:58.6	2025-10-16 12:50:58.6
ZAuWG2HpAvbUgXmyr8Cm7	FRIDAY	10:00	18:00	60	ttaouBmnlBvyxxv8o7Q4w	2025-10-16 12:50:58.6	2025-10-16 12:50:58.6
JthiAWfvUuqFZEW90tKIC	MONDAY	09:00	18:00	90	mVht3_5Ll8uoqgcyzu0d6	2025-10-16 12:50:58.601	2025-10-16 12:50:58.601
hF-_A3z9OHUbvfqBYdN69	TUESDAY	09:00	18:00	90	mVht3_5Ll8uoqgcyzu0d6	2025-10-16 12:50:58.601	2025-10-16 12:50:58.601
xiGTWdiF2y06vXOYQcu03	WEDNESDAY	09:00	18:00	90	mVht3_5Ll8uoqgcyzu0d6	2025-10-16 12:50:58.601	2025-10-16 12:50:58.601
UPIM_QumUSgU-Rx8Uz4eb	THURSDAY	09:00	18:00	90	mVht3_5Ll8uoqgcyzu0d6	2025-10-16 12:50:58.602	2025-10-16 12:50:58.602
8Rw7HzcZj7odwyZ3HJdhb	FRIDAY	09:00	18:00	90	mVht3_5Ll8uoqgcyzu0d6	2025-10-16 12:50:58.602	2025-10-16 12:50:58.602
8_Xid4DF-lDrdCSY-xsxg	MONDAY	08:00	17:00	90	Vf6xiA8BuMutnd9PPHIxt	2025-10-16 12:50:58.602	2025-10-16 12:50:58.602
dc5NPiX5uMVTRtpY2F25k	TUESDAY	08:00	17:00	90	Vf6xiA8BuMutnd9PPHIxt	2025-10-16 12:50:58.602	2025-10-16 12:50:58.602
Ar3srdEUFiximlSXMazsK	WEDNESDAY	08:00	17:00	90	Vf6xiA8BuMutnd9PPHIxt	2025-10-16 12:50:58.603	2025-10-16 12:50:58.603
LJ3Z_DqR-1voLmL5LKDR6	THURSDAY	08:00	17:00	90	Vf6xiA8BuMutnd9PPHIxt	2025-10-16 12:50:58.603	2025-10-16 12:50:58.603
98qqefwtMw0tMgjAnjuFn	FRIDAY	08:00	17:00	90	Vf6xiA8BuMutnd9PPHIxt	2025-10-16 12:50:58.603	2025-10-16 12:50:58.603
ZMpY6L5-L1i74yHcTpUcL	MONDAY	08:00	16:00	60	2nwkn9kwyZnEPAtA0KoAC	2025-10-16 12:50:58.603	2025-10-16 12:50:58.603
AU-UK7c0rB-zgdL5Jgq4I	TUESDAY	08:00	16:00	60	2nwkn9kwyZnEPAtA0KoAC	2025-10-16 12:50:58.604	2025-10-16 12:50:58.604
fkZz-DrG1K33noWoU-DNr	WEDNESDAY	08:00	16:00	60	2nwkn9kwyZnEPAtA0KoAC	2025-10-16 12:50:58.604	2025-10-16 12:50:58.604
5azHkodjzog_zqqnrZ-qx	THURSDAY	08:00	16:00	60	2nwkn9kwyZnEPAtA0KoAC	2025-10-16 12:50:58.604	2025-10-16 12:50:58.604
8VoVbXd8697zaZGE16AlY	FRIDAY	08:00	16:00	60	2nwkn9kwyZnEPAtA0KoAC	2025-10-16 12:50:58.604	2025-10-16 12:50:58.604
qUqiKkC-HxIgAZCG6DE3N	MONDAY	08:00	16:00	60	HNRZqeR5671kENvTgw2i5	2025-10-16 12:50:58.605	2025-10-16 12:50:58.605
Z29nxlTd9jzUwfgV_24rl	TUESDAY	08:00	16:00	60	HNRZqeR5671kENvTgw2i5	2025-10-16 12:50:58.605	2025-10-16 12:50:58.605
zI7MyRw1AYrkBGA8kL7Ik	WEDNESDAY	08:00	16:00	60	HNRZqeR5671kENvTgw2i5	2025-10-16 12:50:58.605	2025-10-16 12:50:58.605
VA0I_brhGEbuTSeof8iRd	THURSDAY	08:00	16:00	60	HNRZqeR5671kENvTgw2i5	2025-10-16 12:50:58.605	2025-10-16 12:50:58.605
EpgsGJmSa32MCo5IovtsN	FRIDAY	08:00	16:00	60	HNRZqeR5671kENvTgw2i5	2025-10-16 12:50:58.606	2025-10-16 12:50:58.606
AJTwrbvOFgAnWaaFRBseb	MONDAY	08:00	17:00	90	z2TUsLb7hV7XFiqzz2p5d	2025-10-16 12:50:58.606	2025-10-16 12:50:58.606
Q4A2897Ioc5G6xEPhsiEN	TUESDAY	08:00	17:00	90	z2TUsLb7hV7XFiqzz2p5d	2025-10-16 12:50:58.606	2025-10-16 12:50:58.606
H3qBkvyzp5M2xf31HfeJV	WEDNESDAY	08:00	17:00	90	z2TUsLb7hV7XFiqzz2p5d	2025-10-16 12:50:58.606	2025-10-16 12:50:58.606
uGaRhOeWkDsNukYDuSEq0	THURSDAY	08:00	17:00	90	z2TUsLb7hV7XFiqzz2p5d	2025-10-16 12:50:58.607	2025-10-16 12:50:58.607
a_Wm6xODFn5QSaZTT1nLz	FRIDAY	08:00	17:00	90	z2TUsLb7hV7XFiqzz2p5d	2025-10-16 12:50:58.607	2025-10-16 12:50:58.607
TE-Sg7sfXA6sQfIsKouP9	MONDAY	09:00	17:00	60	AZPkdt60En5JxLlO3HGj_	2025-10-16 12:50:58.607	2025-10-16 12:50:58.607
uF97GF_Zy2uKGRzodnnbs	TUESDAY	09:00	17:00	60	AZPkdt60En5JxLlO3HGj_	2025-10-16 12:50:58.608	2025-10-16 12:50:58.608
kl9_8OSQFokaWIggMLGJ0	WEDNESDAY	09:00	17:00	60	AZPkdt60En5JxLlO3HGj_	2025-10-16 12:50:58.608	2025-10-16 12:50:58.608
_domrLNAqMVCr01tsT27Y	THURSDAY	09:00	17:00	60	AZPkdt60En5JxLlO3HGj_	2025-10-16 12:50:58.608	2025-10-16 12:50:58.608
ad-_Jb0Qdi7Z3hsskdQMO	FRIDAY	09:00	17:00	60	AZPkdt60En5JxLlO3HGj_	2025-10-16 12:50:58.608	2025-10-16 12:50:58.608
\.


--
-- Data for Name: Leave; Type: TABLE DATA; Schema: public; Owner: postgres
--

COPY public."Leave" (id, "leaveType", status, "startDate", "endDate", "employeeId", "createdAt", "updatedAt") FROM stdin;
fBTaHF27tGtMXuvyPu6XE	CP	APPROVED	2025-07-15 00:00:00	2025-07-31 00:00:00	Q11tchn2QmlSvSia2s1CA	2025-10-16 12:50:58.609	2025-10-16 12:50:58.609
Cq2Wcr0YB88CtD89F-y5_	RTT	APPROVED	2025-11-04 00:00:00	2025-11-04 00:00:00	VrtejGNi9S2Z1c4hl_5hG	2025-10-16 12:50:58.61	2025-10-16 12:50:58.61
yY6qqGGu-SsyBQLKdk9Y8	CP	PENDING	2025-12-20 00:00:00	2026-01-05 00:00:00	PZ3UuN4IGxSZqJeYIf62S	2025-10-16 12:50:58.611	2025-10-16 12:50:58.611
B3mzEl3U-wOWbT_30hdcf	MALADIE	APPROVED	2025-09-10 00:00:00	2025-09-12 00:00:00	QYmzbymJlpxJKqy5yauUk	2025-10-16 12:50:58.611	2025-10-16 12:50:58.611
QV6IcQRtFXe_YYPQEOdUL	SANS_SOLDE	PENDING	2025-11-15 00:00:00	2025-11-22 00:00:00	3r1sMBcK1TQWXS-u5j763	2025-10-16 12:50:58.612	2025-10-16 12:50:58.612
mYUcD0ofC6bHBFOhl7Igp	RTT	APPROVED	2025-10-31 00:00:00	2025-10-31 00:00:00	S2HoDmgjHAQXXQx6FEeuV	2025-10-16 12:50:58.613	2025-10-16 12:50:58.613
EYqE9Rr2Q-EB7P6xJCvK_	CP	REJECTED	2025-08-01 00:00:00	2025-08-15 00:00:00	Hc7YOrHurpFrJvempEmFc	2025-10-16 12:50:58.614	2025-10-16 12:50:58.614
\.


--
-- Data for Name: Schedule; Type: TABLE DATA; Schema: public; Owner: postgres
--

COPY public."Schedule" (id, "startDate", "endDate", "contractId", "createdAt", "updatedAt") FROM stdin;
2jBu-9xREhCbpN73sTA2Y	2020-01-15 00:00:00	2022-08-31 00:00:00	hv9HDpjiAZmHqSvoFpYw4	2025-10-16 12:50:58.53	2025-10-16 12:50:58.53
8LnIKgynOMNp9fVETaUNE	2022-09-01 00:00:00	2024-05-31 00:00:00	hv9HDpjiAZmHqSvoFpYw4	2025-10-16 12:50:58.531	2025-10-16 12:50:58.531
Bx-pB431RMjQHBPreioiw	2024-06-01 00:00:00	\N	hv9HDpjiAZmHqSvoFpYw4	2025-10-16 12:50:58.531	2025-10-16 12:50:58.531
y5Kd7pSUKdZoV5c9Bpgka	2023-06-01 00:00:00	2024-11-30 00:00:00	5ayB6Tr9P6-s99-bG9RBJ	2025-10-16 12:50:58.531	2025-10-16 12:50:58.531
L01vabW2_vZqkE27suyCa	2024-12-01 00:00:00	\N	5ayB6Tr9P6-s99-bG9RBJ	2025-10-16 12:50:58.532	2025-10-16 12:50:58.532
HNRZqeR5671kENvTgw2i5	2020-03-01 00:00:00	2021-02-28 00:00:00	Ksdo3qn94xnEkPgMhycYO	2025-10-16 12:50:58.532	2025-10-16 12:50:58.532
z2TUsLb7hV7XFiqzz2p5d	2021-03-01 00:00:00	2023-08-31 00:00:00	YeSDb8Oq2dyehm9Uk9fRx	2025-10-16 12:50:58.532	2025-10-16 12:50:58.532
AZPkdt60En5JxLlO3HGj_	2023-09-01 00:00:00	\N	YeSDb8Oq2dyehm9Uk9fRx	2025-10-16 12:50:58.533	2025-10-16 12:50:58.533
mLktdSwunXYo8X_euMVBv	2020-03-01 00:00:00	2020-08-31 00:00:00	8Dy1KPLwnPcnMJVbsswd0	2025-10-16 12:50:58.533	2025-10-16 12:50:58.533
VT2QRG2jggSY6CoK8kRb_	2020-09-01 00:00:00	2021-08-31 00:00:00	PCu8_c6vq0fr2dT3T3nId	2025-10-16 12:50:58.534	2025-10-16 12:50:58.534
7bFxd_PyC_hf7LO6BfE9e	2021-09-01 00:00:00	2023-02-28 00:00:00	mKy9yS0vg7aQXL1dnea2P	2025-10-16 12:50:58.534	2025-10-16 12:50:58.534
XICW56X9r8X9F9NNYOCxk	2023-03-01 00:00:00	2024-08-31 00:00:00	mKy9yS0vg7aQXL1dnea2P	2025-10-16 12:50:58.534	2025-10-16 12:50:58.534
Cl8vozqVeXwJjO2cEzml2	2024-09-01 00:00:00	\N	mKy9yS0vg7aQXL1dnea2P	2025-10-16 12:50:58.535	2025-10-16 12:50:58.535
pLIR51cXCRSH1gcSG90hU	2024-01-10 00:00:00	2025-06-30 00:00:00	nKCRgnDWJxTzsdqvwkTho	2025-10-16 12:50:58.535	2025-10-16 12:50:58.535
HV1NAQWhU8frpx70o24xh	2025-07-01 00:00:00	\N	nKCRgnDWJxTzsdqvwkTho	2025-10-16 12:50:58.535	2025-10-16 12:50:58.535
wodWkm2NuVxGAMN4oS0ma	2021-12-01 00:00:00	2022-05-31 00:00:00	clNc0Qs9L2M-Hjdp1DjuG	2025-10-16 12:50:58.536	2025-10-16 12:50:58.536
f8nyRbr_oyhyCSmt-P5L8	2022-06-01 00:00:00	2024-05-31 00:00:00	WBnpbDAkOOZcJBgJL-__4	2025-10-16 12:50:58.536	2025-10-16 12:50:58.536
IYj9DNi1p0unGFl-U-uli	2024-06-01 00:00:00	\N	WBnpbDAkOOZcJBgJL-__4	2025-10-16 12:50:58.536	2025-10-16 12:50:58.536
r9eUJ_fGyCaToUcUgRGhz	2021-02-14 00:00:00	2022-02-13 00:00:00	GD1KLZOxrbF9r1kFTFJyX	2025-10-16 12:50:58.537	2025-10-16 12:50:58.537
y8Fhing_rw5fRYNd6nck5	2022-02-14 00:00:00	2023-09-30 00:00:00	9MzF6Bv-2VcT8QV9KfP0k	2025-10-16 12:50:58.537	2025-10-16 12:50:58.537
OVzBCl8lzBvONXk4TW2Mz	2023-10-01 00:00:00	2025-03-31 00:00:00	9MzF6Bv-2VcT8QV9KfP0k	2025-10-16 12:50:58.537	2025-10-16 12:50:58.537
qUKKOEZOlYyIQAxnNXBwM	2025-04-01 00:00:00	\N	9MzF6Bv-2VcT8QV9KfP0k	2025-10-16 12:50:58.538	2025-10-16 12:50:58.538
oYqoUqlxx96wT_jYIEjFo	2021-01-09 00:00:00	2023-01-08 00:00:00	T-vF6CQT678DV26Rrfix3	2025-10-16 12:50:58.538	2025-10-16 12:50:58.538
zU4gvh2ORHEJM20kClQ5k	2023-01-09 00:00:00	2024-12-31 00:00:00	5MAvYrrGpeqIuqbMGrBAR	2025-10-16 12:50:58.538	2025-10-16 12:50:58.538
xjd9KLCOEIXSuuMlakg6O	2025-01-01 00:00:00	\N	5MAvYrrGpeqIuqbMGrBAR	2025-10-16 12:50:58.539	2025-10-16 12:50:58.539
XIBW7v8EdmYFNtij8XuMi	2022-11-22 00:00:00	2023-05-21 00:00:00	PowvnqBoMtQXMymaslM3O	2025-10-16 12:50:58.539	2025-10-16 12:50:58.539
zPz0CO4yrU511NN92UAZB	2023-05-22 00:00:00	2024-09-30 00:00:00	GEf7lQVBEL5dY_rZ5bcjD	2025-10-16 12:50:58.539	2025-10-16 12:50:58.539
CTXcwopdrRMZXj65E8mL7	2024-10-01 00:00:00	\N	GEf7lQVBEL5dY_rZ5bcjD	2025-10-16 12:50:58.54	2025-10-16 12:50:58.54
ttaouBmnlBvyxxv8o7Q4w	2023-09-11 00:00:00	2023-12-10 00:00:00	kjTeQKf7eYA0kC6NGhpcC	2025-10-16 12:50:58.54	2025-10-16 12:50:58.54
mVht3_5Ll8uoqgcyzu0d6	2023-12-11 00:00:00	2024-03-10 00:00:00	yDinm9W1tBWP1yi-jgFLx	2025-10-16 12:50:58.54	2025-10-16 12:50:58.54
Vf6xiA8BuMutnd9PPHIxt	2024-03-11 00:00:00	2025-02-28 00:00:00	IIOjMSdV7f8HhmzEQcXUp	2025-10-16 12:50:58.541	2025-10-16 12:50:58.541
2nwkn9kwyZnEPAtA0KoAC	2025-03-01 00:00:00	\N	IIOjMSdV7f8HhmzEQcXUp	2025-10-16 12:50:58.541	2025-10-16 12:50:58.541
R6wBQoWBilHvL70wpGpsm	2024-04-01 00:00:00	2024-09-30 00:00:00	qMNIr58gh3p4eekPDTZpp	2025-10-16 12:50:58.541	2025-10-16 12:50:58.541
kxBJF2AsxskVEbYTuFIgp	2024-10-01 00:00:00	2025-05-31 00:00:00	YQhlaMB1E3z3Ku1RM3M5x	2025-10-16 12:50:58.542	2025-10-16 12:50:58.542
Eb0LUgqeywzrCap8uiNlA	2025-06-01 00:00:00	\N	YQhlaMB1E3z3Ku1RM3M5x	2025-10-16 12:50:58.542	2025-10-16 12:50:58.542
hcH_Aaywzfj5_PaUQC6XS	2024-09-15 00:00:00	2025-03-14 00:00:00	XOOFFhn8dMXTTIEwtJVTR	2025-10-16 12:50:58.542	2025-10-16 12:50:58.542
5-tEQvIjZ0CzWalospFdr	2025-03-15 00:00:00	\N	XOOFFhn8dMXTTIEwtJVTR	2025-10-16 12:50:58.543	2025-10-16 12:50:58.543
DM3AHx4MV21mo5-1gXIsO	2025-01-02 00:00:00	\N	tFB6il0l5giR3zXe7nV2X	2025-10-16 12:50:58.543	2025-10-16 12:50:58.543
e2eF6_b41Qt6dC460L9i7	2025-02-17 00:00:00	2025-08-16 00:00:00	Yn46raLYIOehHfskgWPhv	2025-10-16 12:50:58.543	2025-10-16 12:50:58.543
-_GtqQQcOr2dP69dV5JtM	2025-08-17 00:00:00	\N	Yn46raLYIOehHfskgWPhv	2025-10-16 12:50:58.544	2025-10-16 12:50:58.544
cZivQfVI-ly4XLc7rVBEu	2025-08-01 00:00:00	\N	eFS4rfSDaqIcy53qm5qmP	2025-10-16 12:50:58.544	2025-10-16 12:50:58.544
wGZq2ikQz4qNxWxVFejag	2025-04-01 00:00:00	\N	0dv8Qf8pBZ_PY2HJRNC1Q	2025-10-16 12:50:58.544	2025-10-16 12:50:58.544
\.


--
-- Data for Name: Session; Type: TABLE DATA; Schema: public; Owner: postgres
--

COPY public."Session" (id, token, "expiresAt", "ipAddress", "userAgent", "userId", "createdAt", "updatedAt") FROM stdin;
\.


--
-- Data for Name: Task; Type: TABLE DATA; Schema: public; Owner: postgres
--

COPY public."Task" (id, title, slug, status, "authorId", "createdAt", "updatedAt") FROM stdin;
ABM3RYSW4C_B2mEzO8A_b	Cuisiner avec des ingrdients de saison	cuisiner-avec-des-ingredients-de-saison	DONE	7_onl-MwKet3cGlH4rsth	2025-10-16 12:50:58.704	2025-10-16 12:50:58.704
fPQ1nqlQ-_lgoaNfrdo5Y	Installer les panneaux solaires	installer-les-panneaux-solaires	DONE	7_onl-MwKet3cGlH4rsth	2025-10-16 12:50:58.705	2025-10-16 12:50:58.705
gCusWHHAf9qwxw1rTgmqP	Composter les dchets organiques	composter-les-dechets-organiques	DONE	vlEMg1mkRSG0q10XQPCi5	2025-10-16 12:50:58.706	2025-10-16 12:50:58.706
FGD9x2TskVr7p2zoKVYKa	Arroser le basilic	arroser-le-basilic	IN_PROGRESS	7_onl-MwKet3cGlH4rsth	2025-10-16 12:50:58.707	2025-10-16 12:50:58.707
jW0dVjCgBgh4cIb6RC_UR	Rduire son empreinte carbone	reduire-son-empreinte-carbone	IN_PROGRESS	vlEMg1mkRSG0q10XQPCi5	2025-10-16 12:50:58.707	2025-10-16 12:50:58.707
X6Oq5vxrIYST86JmjdhVU	Apprendre le jardinage biologique	apprendre-le-jardinage-biologique	IN_PROGRESS	7_onl-MwKet3cGlH4rsth	2025-10-16 12:50:58.708	2025-10-16 12:50:58.708
42gqbx5j8wM2NvGB-smip	Construire une cabane en bois	construire-une-cabane-en-bois	TODO	7_onl-MwKet3cGlH4rsth	2025-10-16 12:50:58.709	2025-10-16 12:50:58.709
ogNSsb4qx3g2uG1TL8knG	Aller au march local	aller-au-marche-local	TODO	vlEMg1mkRSG0q10XQPCi5	2025-10-16 12:50:58.709	2025-10-16 12:50:58.709
hcdb85BGxi7PBzZ-gdHuA	Crer un potager urbain	creer-un-potager-urbain	TODO	vlEMg1mkRSG0q10XQPCi5	2025-10-16 12:50:58.71	2025-10-16 12:50:58.71
\.


--
-- Data for Name: Team; Type: TABLE DATA; Schema: public; Owner: postgres
--

COPY public."Team" (id, name, "managerId", "createdAt", "updatedAt") FROM stdin;
qb8M44AcirEBW10-STQFp	Phoenix	Zq7oCUa5FIRLt0hJfsLza	2025-10-16 12:50:58.49	2025-10-16 12:50:58.49
-WhI0pF7bsbWVt0Wixfd8	Dragon	1LyV9dO1MzaDz8DzfSKrn	2025-10-16 12:50:58.495	2025-10-16 12:50:58.495
MEzAvPSra8Al8viKLeDNL	Kraken	PZ3UuN4IGxSZqJeYIf62S	2025-10-16 12:50:58.498	2025-10-16 12:50:58.498
\.


--
-- Data for Name: TeamMember; Type: TABLE DATA; Schema: public; Owner: postgres
--

COPY public."TeamMember" (id, "teamId", "userId", "createdAt") FROM stdin;
HleaamqhK7xNKp8EZyP2l	qb8M44AcirEBW10-STQFp	QYmzbymJlpxJKqy5yauUk	2025-10-16 12:50:58.49
HoyZQpq7fsatNpApNfEsS	qb8M44AcirEBW10-STQFp	VrtejGNi9S2Z1c4hl_5hG	2025-10-16 12:50:58.49
sY3mwoh1-wOoZdxukw1m3	qb8M44AcirEBW10-STQFp	Q11tchn2QmlSvSia2s1CA	2025-10-16 12:50:58.49
6tExysSWBFLlC9J-bZG6B	qb8M44AcirEBW10-STQFp	vlEMg1mkRSG0q10XQPCi5	2025-10-16 12:50:58.49
Q6krBzQNaea4FS7-rQi_A	-WhI0pF7bsbWVt0Wixfd8	3r1sMBcK1TQWXS-u5j763	2025-10-16 12:50:58.495
HKEeTJIBz6UvKKt_Qrjp9	-WhI0pF7bsbWVt0Wixfd8	dJbSPvx_ZKM9iKSWVGBw4	2025-10-16 12:50:58.495
OMpW5ptBSUanCtpyKvdFb	-WhI0pF7bsbWVt0Wixfd8	4RlSNk5A88VH_W7ir5qRM	2025-10-16 12:50:58.495
AK-fmVtvpxv1nz1SShaSl	-WhI0pF7bsbWVt0Wixfd8	S2HoDmgjHAQXXQx6FEeuV	2025-10-16 12:50:58.495
qKC52BNeXB28oy_quzxJZ	MEzAvPSra8Al8viKLeDNL	MMR8caZDXOVWVzOW_7Tkh	2025-10-16 12:50:58.498
fsBYw-2vrpoYpl9RiuarQ	MEzAvPSra8Al8viKLeDNL	lwuwOqq0LJqF2Vzht1Bbn	2025-10-16 12:50:58.498
xm0AckHXEJsD0agFODrDL	MEzAvPSra8Al8viKLeDNL	RbQsd0hcLHhc82u4IGUb9	2025-10-16 12:50:58.498
mD1zOw2j_wUinoXyAeedg	MEzAvPSra8Al8viKLeDNL	Hc7YOrHurpFrJvempEmFc	2025-10-16 12:50:58.498
\.


--
-- Data for Name: User; Type: TABLE DATA; Schema: public; Owner: postgres
--

COPY public."User" (id, name, lastname, email, "emailVerified", image, role, "createdAt", "updatedAt") FROM stdin;
7_onl-MwKet3cGlH4rsth	Sophie	Durand	admin@example.com	t	\N	ADMIN	2025-10-16 12:50:58.454	2025-10-16 12:50:58.454
Zq7oCUa5FIRLt0hJfsLza	Manager	Generic	manager@example.com	t	\N	MANAGER	2025-10-16 12:50:58.46	2025-10-16 12:50:58.46
1LyV9dO1MzaDz8DzfSKrn	Thomas	Martin	thomas.martin@example.com	t	\N	MANAGER	2025-10-16 12:50:58.462	2025-10-16 12:50:58.462
PZ3UuN4IGxSZqJeYIf62S	Marie	Bernard	marie.bernard@example.com	t	\N	MANAGER	2025-10-16 12:50:58.464	2025-10-16 12:50:58.464
vlEMg1mkRSG0q10XQPCi5	Employee	Generic	employee@example.com	t	\N	EMPLOYEE	2025-10-16 12:50:58.467	2025-10-16 12:50:58.467
Q11tchn2QmlSvSia2s1CA	Lucas	Petit	lucas.petit@example.com	t	\N	EMPLOYEE	2025-10-16 12:50:58.469	2025-10-16 12:50:58.469
VrtejGNi9S2Z1c4hl_5hG	Emma	Dubois	emma.dubois@example.com	t	\N	EMPLOYEE	2025-10-16 12:50:58.471	2025-10-16 12:50:58.471
QYmzbymJlpxJKqy5yauUk	Hugo	Moreau	hugo.moreau@example.com	t	\N	EMPLOYEE	2025-10-16 12:50:58.473	2025-10-16 12:50:58.473
S2HoDmgjHAQXXQx6FEeuV	La	Simon	lea.simon@example.com	t	\N	EMPLOYEE	2025-10-16 12:50:58.475	2025-10-16 12:50:58.475
4RlSNk5A88VH_W7ir5qRM	Nathan	Laurent	nathan.laurent@example.com	t	\N	EMPLOYEE	2025-10-16 12:50:58.477	2025-10-16 12:50:58.477
dJbSPvx_ZKM9iKSWVGBw4	Chlo	Lefebvre	chloe.lefebvre@example.com	t	\N	EMPLOYEE	2025-10-16 12:50:58.479	2025-10-16 12:50:58.479
3r1sMBcK1TQWXS-u5j763	Antoine	Roux	antoine.roux@example.com	t	\N	EMPLOYEE	2025-10-16 12:50:58.481	2025-10-16 12:50:58.481
Hc7YOrHurpFrJvempEmFc	Camille	Garnier	camille.garnier@example.com	t	\N	EMPLOYEE	2025-10-16 12:50:58.483	2025-10-16 12:50:58.483
RbQsd0hcLHhc82u4IGUb9	Maxime	Faure	maxime.faure@example.com	t	\N	EMPLOYEE	2025-10-16 12:50:58.484	2025-10-16 12:50:58.484
lwuwOqq0LJqF2Vzht1Bbn	Julie	Bonnet	julie.bonnet@example.com	t	\N	EMPLOYEE	2025-10-16 12:50:58.486	2025-10-16 12:50:58.486
MMR8caZDXOVWVzOW_7Tkh	Alexandre	Rousseau	alexandre.rousseau@example.com	t	\N	EMPLOYEE	2025-10-16 12:50:58.488	2025-10-16 12:50:58.488
\.


--
-- Data for Name: Verification; Type: TABLE DATA; Schema: public; Owner: postgres
--

COPY public."Verification" (id, identifier, value, "expiresAt", "createdAt", "updatedAt") FROM stdin;
\.


--
-- Data for Name: _prisma_migrations; Type: TABLE DATA; Schema: public; Owner: postgres
--

COPY public._prisma_migrations (id, checksum, finished_at, migration_name, logs, rolled_back_at, started_at, applied_steps_count) FROM stdin;
64e21243-c0ea-4517-bb17-cc8826be3103	e03c48dcc4c2a42a12aad4ef76f86b985da49bb8e50ba89d2645a04b2d27e840	2025-10-15 14:05:08.144371+00	.30000000000001_custom_constraint_work_schedule	\N	\N	2025-10-15 14:05:08.142091+00	1
424ec75e-9a3a-4ddb-adc4-81beee3b848b	989001f1484274bba8f35e33fe9d6bf1fa415e87a2076ec69866bf1eeaadeb38	2025-10-15 14:05:08.185302+00	20250924104806_init	\N	\N	2025-10-15 14:05:08.144968+00	1
7945f8a9-43fd-4bda-8ffb-3fe5ea9bc2f0	341800cd32895c57daea80d940a73b6b0f4ec0164df3b2c173e4b02d8630c616	2025-10-15 14:05:08.20848+00	20251014074815_time_manager	\N	\N	2025-10-15 14:05:08.185823+00	1
721edcb5-d8dc-4af3-9aa0-12cfd4596602	28c4f9cde71c197ff9d4b69a62eb1a7abe35abce6a7c521cd30c09f6abf4e050	2025-10-15 14:57:43.993763+00	20251015145737_transition_to_remove_user_role	\N	\N	2025-10-15 14:57:43.9917+00	1
34771d97-a9e2-4204-832d-f4e60899f4a5	a8e2439e18b22b5b3f1063d0fc79833275ab40bd0427b6d179b89ede726ffd69	2025-10-15 15:19:05.370732+00	20251015151905_remove_user_role	\N	\N	2025-10-15 15:19:05.356439+00	1
5a150192-0e20-471c-a8f8-844a61097a1d	23a336b076be4e6b0d1a1102f235dc793e9a975cd7b38315fd10c15a99303afe	2025-10-16 12:47:35.64357+00	20251016124735_add_team_and_team_member	\N	\N	2025-10-16 12:47:35.62973+00	1
\.


--
-- Name: Account Account_pkey; Type: CONSTRAINT; Schema: public; Owner: postgres
--

ALTER TABLE ONLY public."Account"
    ADD CONSTRAINT "Account_pkey" PRIMARY KEY (id);


--
-- Name: Clock Clock_pkey; Type: CONSTRAINT; Schema: public; Owner: postgres
--

ALTER TABLE ONLY public."Clock"
    ADD CONSTRAINT "Clock_pkey" PRIMARY KEY (id);


--
-- Name: Contract Contract_pkey; Type: CONSTRAINT; Schema: public; Owner: postgres
--

ALTER TABLE ONLY public."Contract"
    ADD CONSTRAINT "Contract_pkey" PRIMARY KEY (id);


--
-- Name: Day Day_pkey; Type: CONSTRAINT; Schema: public; Owner: postgres
--

ALTER TABLE ONLY public."Day"
    ADD CONSTRAINT "Day_pkey" PRIMARY KEY (id);


--
-- Name: Leave Leave_pkey; Type: CONSTRAINT; Schema: public; Owner: postgres
--

ALTER TABLE ONLY public."Leave"
    ADD CONSTRAINT "Leave_pkey" PRIMARY KEY (id);


--
-- Name: Schedule Schedule_pkey; Type: CONSTRAINT; Schema: public; Owner: postgres
--

ALTER TABLE ONLY public."Schedule"
    ADD CONSTRAINT "Schedule_pkey" PRIMARY KEY (id);


--
-- Name: Session Session_pkey; Type: CONSTRAINT; Schema: public; Owner: postgres
--

ALTER TABLE ONLY public."Session"
    ADD CONSTRAINT "Session_pkey" PRIMARY KEY (id);


--
-- Name: Task Task_pkey; Type: CONSTRAINT; Schema: public; Owner: postgres
--

ALTER TABLE ONLY public."Task"
    ADD CONSTRAINT "Task_pkey" PRIMARY KEY (id);


--
-- Name: TeamMember TeamMember_pkey; Type: CONSTRAINT; Schema: public; Owner: postgres
--

ALTER TABLE ONLY public."TeamMember"
    ADD CONSTRAINT "TeamMember_pkey" PRIMARY KEY (id);


--
-- Name: Team Team_pkey; Type: CONSTRAINT; Schema: public; Owner: postgres
--

ALTER TABLE ONLY public."Team"
    ADD CONSTRAINT "Team_pkey" PRIMARY KEY (id);


--
-- Name: User User_pkey; Type: CONSTRAINT; Schema: public; Owner: postgres
--

ALTER TABLE ONLY public."User"
    ADD CONSTRAINT "User_pkey" PRIMARY KEY (id);


--
-- Name: Verification Verification_pkey; Type: CONSTRAINT; Schema: public; Owner: postgres
--

ALTER TABLE ONLY public."Verification"
    ADD CONSTRAINT "Verification_pkey" PRIMARY KEY (id);


--
-- Name: _prisma_migrations _prisma_migrations_pkey; Type: CONSTRAINT; Schema: public; Owner: postgres
--

ALTER TABLE ONLY public._prisma_migrations
    ADD CONSTRAINT _prisma_migrations_pkey PRIMARY KEY (id);


--
-- Name: Account_accessToken_idx; Type: INDEX; Schema: public; Owner: postgres
--

CREATE INDEX "Account_accessToken_idx" ON public."Account" USING btree ("accessToken");


--
-- Name: Account_accountId_idx; Type: INDEX; Schema: public; Owner: postgres
--

CREATE INDEX "Account_accountId_idx" ON public."Account" USING btree ("accountId");


--
-- Name: Account_idToken_idx; Type: INDEX; Schema: public; Owner: postgres
--

CREATE INDEX "Account_idToken_idx" ON public."Account" USING btree ("idToken");


--
-- Name: Account_id_idx; Type: INDEX; Schema: public; Owner: postgres
--

CREATE INDEX "Account_id_idx" ON public."Account" USING btree (id);


--
-- Name: Account_providerId_idx; Type: INDEX; Schema: public; Owner: postgres
--

CREATE INDEX "Account_providerId_idx" ON public."Account" USING btree ("providerId");


--
-- Name: Account_refreshToken_idx; Type: INDEX; Schema: public; Owner: postgres
--

CREATE INDEX "Account_refreshToken_idx" ON public."Account" USING btree ("refreshToken");


--
-- Name: Account_userId_idx; Type: INDEX; Schema: public; Owner: postgres
--

CREATE INDEX "Account_userId_idx" ON public."Account" USING btree ("userId");


--
-- Name: Clock_employeeId_date_idx; Type: INDEX; Schema: public; Owner: postgres
--

CREATE INDEX "Clock_employeeId_date_idx" ON public."Clock" USING btree ("employeeId", date DESC);


--
-- Name: Clock_employeeId_date_key; Type: INDEX; Schema: public; Owner: postgres
--

CREATE UNIQUE INDEX "Clock_employeeId_date_key" ON public."Clock" USING btree ("employeeId", date);


--
-- Name: Contract_employeeId_endDate_idx; Type: INDEX; Schema: public; Owner: postgres
--

CREATE INDEX "Contract_employeeId_endDate_idx" ON public."Contract" USING btree ("employeeId", "endDate");


--
-- Name: Contract_employeeId_startDate_idx; Type: INDEX; Schema: public; Owner: postgres
--

CREATE INDEX "Contract_employeeId_startDate_idx" ON public."Contract" USING btree ("employeeId", "startDate");


--
-- Name: Day_scheduleId_dayOfWeek_key; Type: INDEX; Schema: public; Owner: postgres
--

CREATE UNIQUE INDEX "Day_scheduleId_dayOfWeek_key" ON public."Day" USING btree ("scheduleId", "dayOfWeek");


--
-- Name: Day_scheduleId_idx; Type: INDEX; Schema: public; Owner: postgres
--

CREATE INDEX "Day_scheduleId_idx" ON public."Day" USING btree ("scheduleId");


--
-- Name: Leave_employeeId_startDate_endDate_idx; Type: INDEX; Schema: public; Owner: postgres
--

CREATE INDEX "Leave_employeeId_startDate_endDate_idx" ON public."Leave" USING btree ("employeeId", "startDate", "endDate");


--
-- Name: Leave_employeeId_status_idx; Type: INDEX; Schema: public; Owner: postgres
--

CREATE INDEX "Leave_employeeId_status_idx" ON public."Leave" USING btree ("employeeId", status);


--
-- Name: Schedule_contractId_endDate_idx; Type: INDEX; Schema: public; Owner: postgres
--

CREATE INDEX "Schedule_contractId_endDate_idx" ON public."Schedule" USING btree ("contractId", "endDate");


--
-- Name: Schedule_contractId_startDate_idx; Type: INDEX; Schema: public; Owner: postgres
--

CREATE INDEX "Schedule_contractId_startDate_idx" ON public."Schedule" USING btree ("contractId", "startDate");


--
-- Name: Session_id_idx; Type: INDEX; Schema: public; Owner: postgres
--

CREATE INDEX "Session_id_idx" ON public."Session" USING btree (id);


--
-- Name: Session_token_idx; Type: INDEX; Schema: public; Owner: postgres
--

CREATE INDEX "Session_token_idx" ON public."Session" USING btree (token);


--
-- Name: Session_token_key; Type: INDEX; Schema: public; Owner: postgres
--

CREATE UNIQUE INDEX "Session_token_key" ON public."Session" USING btree (token);


--
-- Name: Session_userId_idx; Type: INDEX; Schema: public; Owner: postgres
--

CREATE INDEX "Session_userId_idx" ON public."Session" USING btree ("userId");


--
-- Name: Task_authorId_idx; Type: INDEX; Schema: public; Owner: postgres
--

CREATE INDEX "Task_authorId_idx" ON public."Task" USING btree ("authorId");


--
-- Name: Task_id_idx; Type: INDEX; Schema: public; Owner: postgres
--

CREATE INDEX "Task_id_idx" ON public."Task" USING btree (id);


--
-- Name: Task_slug_key; Type: INDEX; Schema: public; Owner: postgres
--

CREATE UNIQUE INDEX "Task_slug_key" ON public."Task" USING btree (slug);


--
-- Name: Task_title_idx; Type: INDEX; Schema: public; Owner: postgres
--

CREATE INDEX "Task_title_idx" ON public."Task" USING btree (title);


--
-- Name: Task_title_key; Type: INDEX; Schema: public; Owner: postgres
--

CREATE UNIQUE INDEX "Task_title_key" ON public."Task" USING btree (title);


--
-- Name: TeamMember_teamId_idx; Type: INDEX; Schema: public; Owner: postgres
--

CREATE INDEX "TeamMember_teamId_idx" ON public."TeamMember" USING btree ("teamId");


--
-- Name: TeamMember_teamId_userId_key; Type: INDEX; Schema: public; Owner: postgres
--

CREATE UNIQUE INDEX "TeamMember_teamId_userId_key" ON public."TeamMember" USING btree ("teamId", "userId");


--
-- Name: TeamMember_userId_idx; Type: INDEX; Schema: public; Owner: postgres
--

CREATE INDEX "TeamMember_userId_idx" ON public."TeamMember" USING btree ("userId");


--
-- Name: Team_managerId_idx; Type: INDEX; Schema: public; Owner: postgres
--

CREATE INDEX "Team_managerId_idx" ON public."Team" USING btree ("managerId");


--
-- Name: Team_name_key; Type: INDEX; Schema: public; Owner: postgres
--

CREATE UNIQUE INDEX "Team_name_key" ON public."Team" USING btree (name);


--
-- Name: User_email_idx; Type: INDEX; Schema: public; Owner: postgres
--

CREATE INDEX "User_email_idx" ON public."User" USING btree (email);


--
-- Name: User_email_key; Type: INDEX; Schema: public; Owner: postgres
--

CREATE UNIQUE INDEX "User_email_key" ON public."User" USING btree (email);


--
-- Name: User_id_idx; Type: INDEX; Schema: public; Owner: postgres
--

CREATE INDEX "User_id_idx" ON public."User" USING btree (id);


--
-- Name: Verification_id_idx; Type: INDEX; Schema: public; Owner: postgres
--

CREATE INDEX "Verification_id_idx" ON public."Verification" USING btree (id);


--
-- Name: Verification_identifier_idx; Type: INDEX; Schema: public; Owner: postgres
--

CREATE INDEX "Verification_identifier_idx" ON public."Verification" USING btree (identifier);


--
-- Name: Account Account_userId_fkey; Type: FK CONSTRAINT; Schema: public; Owner: postgres
--

ALTER TABLE ONLY public."Account"
    ADD CONSTRAINT "Account_userId_fkey" FOREIGN KEY ("userId") REFERENCES public."User"(id) ON UPDATE CASCADE ON DELETE CASCADE;


--
-- Name: Clock Clock_employeeId_fkey; Type: FK CONSTRAINT; Schema: public; Owner: postgres
--

ALTER TABLE ONLY public."Clock"
    ADD CONSTRAINT "Clock_employeeId_fkey" FOREIGN KEY ("employeeId") REFERENCES public."User"(id) ON UPDATE CASCADE ON DELETE CASCADE;


--
-- Name: Contract Contract_employeeId_fkey; Type: FK CONSTRAINT; Schema: public; Owner: postgres
--

ALTER TABLE ONLY public."Contract"
    ADD CONSTRAINT "Contract_employeeId_fkey" FOREIGN KEY ("employeeId") REFERENCES public."User"(id) ON UPDATE CASCADE ON DELETE CASCADE;


--
-- Name: Day Day_scheduleId_fkey; Type: FK CONSTRAINT; Schema: public; Owner: postgres
--

ALTER TABLE ONLY public."Day"
    ADD CONSTRAINT "Day_scheduleId_fkey" FOREIGN KEY ("scheduleId") REFERENCES public."Schedule"(id) ON UPDATE CASCADE ON DELETE CASCADE;


--
-- Name: Leave Leave_employeeId_fkey; Type: FK CONSTRAINT; Schema: public; Owner: postgres
--

ALTER TABLE ONLY public."Leave"
    ADD CONSTRAINT "Leave_employeeId_fkey" FOREIGN KEY ("employeeId") REFERENCES public."User"(id) ON UPDATE CASCADE ON DELETE CASCADE;


--
-- Name: Schedule Schedule_contractId_fkey; Type: FK CONSTRAINT; Schema: public; Owner: postgres
--

ALTER TABLE ONLY public."Schedule"
    ADD CONSTRAINT "Schedule_contractId_fkey" FOREIGN KEY ("contractId") REFERENCES public."Contract"(id) ON UPDATE CASCADE ON DELETE CASCADE;


--
-- Name: Session Session_userId_fkey; Type: FK CONSTRAINT; Schema: public; Owner: postgres
--

ALTER TABLE ONLY public."Session"
    ADD CONSTRAINT "Session_userId_fkey" FOREIGN KEY ("userId") REFERENCES public."User"(id) ON UPDATE CASCADE ON DELETE CASCADE;


--
-- Name: Task Task_authorId_fkey; Type: FK CONSTRAINT; Schema: public; Owner: postgres
--

ALTER TABLE ONLY public."Task"
    ADD CONSTRAINT "Task_authorId_fkey" FOREIGN KEY ("authorId") REFERENCES public."User"(id) ON UPDATE CASCADE ON DELETE CASCADE;


--
-- Name: TeamMember TeamMember_teamId_fkey; Type: FK CONSTRAINT; Schema: public; Owner: postgres
--

ALTER TABLE ONLY public."TeamMember"
    ADD CONSTRAINT "TeamMember_teamId_fkey" FOREIGN KEY ("teamId") REFERENCES public."Team"(id) ON UPDATE CASCADE ON DELETE CASCADE;


--
-- Name: TeamMember TeamMember_userId_fkey; Type: FK CONSTRAINT; Schema: public; Owner: postgres
--

ALTER TABLE ONLY public."TeamMember"
    ADD CONSTRAINT "TeamMember_userId_fkey" FOREIGN KEY ("userId") REFERENCES public."User"(id) ON UPDATE CASCADE ON DELETE CASCADE;


--
-- Name: Team Team_managerId_fkey; Type: FK CONSTRAINT; Schema: public; Owner: postgres
--

ALTER TABLE ONLY public."Team"
    ADD CONSTRAINT "Team_managerId_fkey" FOREIGN KEY ("managerId") REFERENCES public."User"(id) ON UPDATE CASCADE ON DELETE CASCADE;


--
-- PostgreSQL database dump complete
--

\unrestrict 0YbYOIFIbUwVCHjEEqIp5bU44qdl1jTOaCfptXf5J7gd3PP6P4ibnIZbmgzx1fa

