--
-- PostgreSQL database dump
--

\restrict 0sxx2owdCecKR9iF5Cs4tZtUOWKBdXcVLIZ6fbWIpmTEyPut4dYLwQtTeH45RjR

-- Dumped from database version 16.10
-- Dumped by pg_dump version 16.10

SET statement_timeout = 0;
SET lock_timeout = 0;
SET idle_in_transaction_session_timeout = 0;
SET client_encoding = 'UTF8';
SET standard_conforming_strings = on;
SELECT pg_catalog.set_config('search_path', '', false);
SET check_function_bodies = false;
SET xmloption = content;
SET client_min_messages = warning;
SET row_security = off;

ALTER TABLE IF EXISTS ONLY public."Task" DROP CONSTRAINT IF EXISTS "Task_authorId_fkey";
ALTER TABLE IF EXISTS ONLY public."Session" DROP CONSTRAINT IF EXISTS "Session_userId_fkey";
ALTER TABLE IF EXISTS ONLY public."Schedule" DROP CONSTRAINT IF EXISTS "Schedule_contractId_fkey";
ALTER TABLE IF EXISTS ONLY public."Leave" DROP CONSTRAINT IF EXISTS "Leave_employeeId_fkey";
ALTER TABLE IF EXISTS ONLY public."Day" DROP CONSTRAINT IF EXISTS "Day_scheduleId_fkey";
ALTER TABLE IF EXISTS ONLY public."Contract" DROP CONSTRAINT IF EXISTS "Contract_employeeId_fkey";
ALTER TABLE IF EXISTS ONLY public."Clock" DROP CONSTRAINT IF EXISTS "Clock_employeeId_fkey";
ALTER TABLE IF EXISTS ONLY public."Account" DROP CONSTRAINT IF EXISTS "Account_userId_fkey";
DROP INDEX IF EXISTS public."Verification_identifier_idx";
DROP INDEX IF EXISTS public."Verification_id_idx";
DROP INDEX IF EXISTS public."User_id_idx";
DROP INDEX IF EXISTS public."User_email_key";
DROP INDEX IF EXISTS public."User_email_idx";
DROP INDEX IF EXISTS public."Task_title_key";
DROP INDEX IF EXISTS public."Task_title_idx";
DROP INDEX IF EXISTS public."Task_slug_key";
DROP INDEX IF EXISTS public."Task_id_idx";
DROP INDEX IF EXISTS public."Task_authorId_idx";
DROP INDEX IF EXISTS public."Session_userId_idx";
DROP INDEX IF EXISTS public."Session_token_key";
DROP INDEX IF EXISTS public."Session_token_idx";
DROP INDEX IF EXISTS public."Session_id_idx";
DROP INDEX IF EXISTS public."Schedule_contractId_startDate_idx";
DROP INDEX IF EXISTS public."Schedule_contractId_endDate_idx";
DROP INDEX IF EXISTS public."Leave_employeeId_status_idx";
DROP INDEX IF EXISTS public."Leave_employeeId_startDate_endDate_idx";
DROP INDEX IF EXISTS public."Day_scheduleId_idx";
DROP INDEX IF EXISTS public."Day_scheduleId_dayOfWeek_key";
DROP INDEX IF EXISTS public."Contract_employeeId_startDate_idx";
DROP INDEX IF EXISTS public."Contract_employeeId_endDate_idx";
DROP INDEX IF EXISTS public."Clock_employeeId_date_key";
DROP INDEX IF EXISTS public."Clock_employeeId_date_idx";
DROP INDEX IF EXISTS public."Account_userId_idx";
DROP INDEX IF EXISTS public."Account_refreshToken_idx";
DROP INDEX IF EXISTS public."Account_providerId_idx";
DROP INDEX IF EXISTS public."Account_id_idx";
DROP INDEX IF EXISTS public."Account_idToken_idx";
DROP INDEX IF EXISTS public."Account_accountId_idx";
DROP INDEX IF EXISTS public."Account_accessToken_idx";
ALTER TABLE IF EXISTS ONLY public._prisma_migrations DROP CONSTRAINT IF EXISTS _prisma_migrations_pkey;
ALTER TABLE IF EXISTS ONLY public."Verification" DROP CONSTRAINT IF EXISTS "Verification_pkey";
ALTER TABLE IF EXISTS ONLY public."User" DROP CONSTRAINT IF EXISTS "User_pkey";
ALTER TABLE IF EXISTS ONLY public."Task" DROP CONSTRAINT IF EXISTS "Task_pkey";
ALTER TABLE IF EXISTS ONLY public."Session" DROP CONSTRAINT IF EXISTS "Session_pkey";
ALTER TABLE IF EXISTS ONLY public."Schedule" DROP CONSTRAINT IF EXISTS "Schedule_pkey";
ALTER TABLE IF EXISTS ONLY public."Leave" DROP CONSTRAINT IF EXISTS "Leave_pkey";
ALTER TABLE IF EXISTS ONLY public."Day" DROP CONSTRAINT IF EXISTS "Day_pkey";
ALTER TABLE IF EXISTS ONLY public."Contract" DROP CONSTRAINT IF EXISTS "Contract_pkey";
ALTER TABLE IF EXISTS ONLY public."Clock" DROP CONSTRAINT IF EXISTS "Clock_pkey";
ALTER TABLE IF EXISTS ONLY public."Account" DROP CONSTRAINT IF EXISTS "Account_pkey";
DROP TABLE IF EXISTS public._prisma_migrations;
DROP TABLE IF EXISTS public."Verification";
DROP TABLE IF EXISTS public."User";
DROP TABLE IF EXISTS public."Task";
DROP TABLE IF EXISTS public."Session";
DROP TABLE IF EXISTS public."Schedule";
DROP TABLE IF EXISTS public."Leave";
DROP TABLE IF EXISTS public."Day";
DROP TABLE IF EXISTS public."Contract";
DROP TABLE IF EXISTS public."Clock";
DROP TABLE IF EXISTS public."Account";
DROP TYPE IF EXISTS public."Status";
DROP TYPE IF EXISTS public."Role";
DROP TYPE IF EXISTS public."LeaveType";
DROP TYPE IF EXISTS public."LeaveStatus";
DROP TYPE IF EXISTS public."DayOfWeek";
DROP TYPE IF EXISTS public."ContractType";
DROP TYPE IF EXISTS public."CheckType";
--
-- Name: CheckType; Type: TYPE; Schema: public; Owner: postgres
--

CREATE TYPE public."CheckType" AS ENUM (
    'CHECKIN',
    'CHECKOUT'
);


ALTER TYPE public."CheckType" OWNER TO postgres;

--
-- Name: ContractType; Type: TYPE; Schema: public; Owner: postgres
--

CREATE TYPE public."ContractType" AS ENUM (
    'CDI',
    'CDD',
    'INTERIM',
    'STAGE'
);


ALTER TYPE public."ContractType" OWNER TO postgres;

--
-- Name: DayOfWeek; Type: TYPE; Schema: public; Owner: postgres
--

CREATE TYPE public."DayOfWeek" AS ENUM (
    'MONDAY',
    'TUESDAY',
    'WEDNESDAY',
    'THURSDAY',
    'FRIDAY',
    'SATURDAY',
    'SUNDAY'
);


ALTER TYPE public."DayOfWeek" OWNER TO postgres;

--
-- Name: LeaveStatus; Type: TYPE; Schema: public; Owner: postgres
--

CREATE TYPE public."LeaveStatus" AS ENUM (
    'PENDING',
    'APPROVED',
    'REJECTED'
);


ALTER TYPE public."LeaveStatus" OWNER TO postgres;

--
-- Name: LeaveType; Type: TYPE; Schema: public; Owner: postgres
--

CREATE TYPE public."LeaveType" AS ENUM (
    'CP',
    'RTT',
    'MALADIE',
    'SANS_SOLDE'
);


ALTER TYPE public."LeaveType" OWNER TO postgres;

--
-- Name: Role; Type: TYPE; Schema: public; Owner: postgres
--

CREATE TYPE public."Role" AS ENUM (
    'ADMIN',
    'MANAGER',
    'EMPLOYEE'
);


ALTER TYPE public."Role" OWNER TO postgres;

--
-- Name: Status; Type: TYPE; Schema: public; Owner: postgres
--

CREATE TYPE public."Status" AS ENUM (
    'TODO',
    'IN_PROGRESS',
    'DONE'
);


ALTER TYPE public."Status" OWNER TO postgres;

SET default_tablespace = '';

SET default_table_access_method = heap;

--
-- Name: Account; Type: TABLE; Schema: public; Owner: postgres
--

CREATE TABLE public."Account" (
    id text NOT NULL,
    "accountId" text NOT NULL,
    "providerId" text NOT NULL,
    "userId" text NOT NULL,
    "accessToken" text,
    "refreshToken" text,
    "accessTokenExpiresAt" timestamp(3) without time zone,
    "refreshTokenExpiresAt" timestamp(3) without time zone,
    scope text,
    "idToken" text,
    password text,
    "createdAt" timestamp(3) without time zone DEFAULT CURRENT_TIMESTAMP NOT NULL,
    "updatedAt" timestamp(3) without time zone NOT NULL
);


ALTER TABLE public."Account" OWNER TO postgres;

--
-- Name: Clock; Type: TABLE; Schema: public; Owner: postgres
--

CREATE TABLE public."Clock" (
    id text NOT NULL,
    date timestamp(3) without time zone NOT NULL,
    "checkType" public."CheckType" NOT NULL,
    "employeeId" text NOT NULL,
    "createdAt" timestamp(3) without time zone DEFAULT CURRENT_TIMESTAMP NOT NULL,
    "updatedAt" timestamp(3) without time zone NOT NULL
);


ALTER TABLE public."Clock" OWNER TO postgres;

--
-- Name: Contract; Type: TABLE; Schema: public; Owner: postgres
--

CREATE TABLE public."Contract" (
    id text NOT NULL,
    "contractType" public."ContractType" NOT NULL,
    "startDate" timestamp(3) without time zone NOT NULL,
    "endDate" timestamp(3) without time zone,
    "employeeId" text NOT NULL,
    "createdAt" timestamp(3) without time zone DEFAULT CURRENT_TIMESTAMP NOT NULL,
    "updatedAt" timestamp(3) without time zone NOT NULL
);


ALTER TABLE public."Contract" OWNER TO postgres;

--
-- Name: Day; Type: TABLE; Schema: public; Owner: postgres
--

CREATE TABLE public."Day" (
    id text NOT NULL,
    "dayOfWeek" public."DayOfWeek" NOT NULL,
    arriving text NOT NULL,
    leaving text NOT NULL,
    breack integer DEFAULT 0,
    "scheduleId" text NOT NULL,
    "createdAt" timestamp(3) without time zone DEFAULT CURRENT_TIMESTAMP NOT NULL,
    "updatedAt" timestamp(3) without time zone NOT NULL
);


ALTER TABLE public."Day" OWNER TO postgres;

--
-- Name: Leave; Type: TABLE; Schema: public; Owner: postgres
--

CREATE TABLE public."Leave" (
    id text NOT NULL,
    "leaveType" public."LeaveType" NOT NULL,
    status public."LeaveStatus" NOT NULL,
    "startDate" timestamp(3) without time zone NOT NULL,
    "endDate" timestamp(3) without time zone NOT NULL,
    "employeeId" text NOT NULL,
    "createdAt" timestamp(3) without time zone DEFAULT CURRENT_TIMESTAMP NOT NULL,
    "updatedAt" timestamp(3) without time zone NOT NULL
);


ALTER TABLE public."Leave" OWNER TO postgres;

--
-- Name: Schedule; Type: TABLE; Schema: public; Owner: postgres
--

CREATE TABLE public."Schedule" (
    id text NOT NULL,
    "startDate" timestamp(3) without time zone NOT NULL,
    "endDate" timestamp(3) without time zone,
    "contractId" text NOT NULL,
    "createdAt" timestamp(3) without time zone DEFAULT CURRENT_TIMESTAMP NOT NULL,
    "updatedAt" timestamp(3) without time zone NOT NULL
);


ALTER TABLE public."Schedule" OWNER TO postgres;

--
-- Name: Session; Type: TABLE; Schema: public; Owner: postgres
--

CREATE TABLE public."Session" (
    id text NOT NULL,
    token text NOT NULL,
    "expiresAt" timestamp(3) without time zone NOT NULL,
    "ipAddress" text,
    "userAgent" text,
    "userId" text NOT NULL,
    "createdAt" timestamp(3) without time zone DEFAULT CURRENT_TIMESTAMP NOT NULL,
    "updatedAt" timestamp(3) without time zone NOT NULL
);


ALTER TABLE public."Session" OWNER TO postgres;

--
-- Name: Task; Type: TABLE; Schema: public; Owner: postgres
--

CREATE TABLE public."Task" (
    id text NOT NULL,
    title text NOT NULL,
    slug text NOT NULL,
    status public."Status" DEFAULT 'TODO'::public."Status" NOT NULL,
    "authorId" text NOT NULL,
    "createdAt" timestamp(3) without time zone DEFAULT CURRENT_TIMESTAMP NOT NULL,
    "updatedAt" timestamp(3) without time zone NOT NULL
);


ALTER TABLE public."Task" OWNER TO postgres;

--
-- Name: User; Type: TABLE; Schema: public; Owner: postgres
--

CREATE TABLE public."User" (
    id text NOT NULL,
    name text NOT NULL,
    lastname text,
    email text NOT NULL,
    "emailVerified" boolean NOT NULL,
    image text,
    role public."Role" NOT NULL,
    "createdAt" timestamp(3) without time zone DEFAULT CURRENT_TIMESTAMP NOT NULL,
    "updatedAt" timestamp(3) without time zone NOT NULL
);


ALTER TABLE public."User" OWNER TO postgres;

--
-- Name: Verification; Type: TABLE; Schema: public; Owner: postgres
--

CREATE TABLE public."Verification" (
    id text NOT NULL,
    identifier text NOT NULL,
    value text NOT NULL,
    "expiresAt" timestamp(3) without time zone NOT NULL,
    "createdAt" timestamp(3) without time zone DEFAULT CURRENT_TIMESTAMP NOT NULL,
    "updatedAt" timestamp(3) without time zone NOT NULL
);


ALTER TABLE public."Verification" OWNER TO postgres;

--
-- Name: _prisma_migrations; Type: TABLE; Schema: public; Owner: postgres
--

CREATE TABLE public._prisma_migrations (
    id character varying(36) NOT NULL,
    checksum character varying(64) NOT NULL,
    finished_at timestamp with time zone,
    migration_name character varying(255) NOT NULL,
    logs text,
    rolled_back_at timestamp with time zone,
    started_at timestamp with time zone DEFAULT now() NOT NULL,
    applied_steps_count integer DEFAULT 0 NOT NULL
);


ALTER TABLE public._prisma_migrations OWNER TO postgres;

--
-- Data for Name: Account; Type: TABLE DATA; Schema: public; Owner: postgres
--

COPY public."Account" (id, "accountId", "providerId", "userId", "accessToken", "refreshToken", "accessTokenExpiresAt", "refreshTokenExpiresAt", scope, "idToken", password, "createdAt", "updatedAt") FROM stdin;
iVLupwm8QJGRQmyOtdQXy	a_y5D29tWhiQtddUYue5M	credential	a_y5D29tWhiQtddUYue5M	\N	\N	\N	\N	\N	\N	90e263724fdae11e158546bb8fe3e245:aa3cff1d8e5069c3697e8ea9e9adcfc6106b1f9abd31ebbf571843316cc48a21b289926b37b1ae55866a366fec84ed4fbe7af8ad9af66fa4c2977a694a13fdb1	2025-10-16 09:15:43.486	2025-10-16 09:15:43.489
vsp0zAy6XefA7DdIUItJm	QgLoZi_eIlUfY6g6cMG_m	credential	QgLoZi_eIlUfY6g6cMG_m	\N	\N	\N	\N	\N	\N	90e263724fdae11e158546bb8fe3e245:aa3cff1d8e5069c3697e8ea9e9adcfc6106b1f9abd31ebbf571843316cc48a21b289926b37b1ae55866a366fec84ed4fbe7af8ad9af66fa4c2977a694a13fdb1	2025-10-16 09:15:43.49	2025-10-16 09:15:43.491
Nm-0g0XR5TelyV7Xizqyi	JD2IX5JHw_klhUEveh6bv	credential	JD2IX5JHw_klhUEveh6bv	\N	\N	\N	\N	\N	\N	90e263724fdae11e158546bb8fe3e245:aa3cff1d8e5069c3697e8ea9e9adcfc6106b1f9abd31ebbf571843316cc48a21b289926b37b1ae55866a366fec84ed4fbe7af8ad9af66fa4c2977a694a13fdb1	2025-10-16 09:15:43.491	2025-10-16 09:15:43.493
2pCVhaH4nznZQqTHdDn1i	LTi8dH8ZTQSa_2-N3LZ93	credential	LTi8dH8ZTQSa_2-N3LZ93	\N	\N	\N	\N	\N	\N	90e263724fdae11e158546bb8fe3e245:aa3cff1d8e5069c3697e8ea9e9adcfc6106b1f9abd31ebbf571843316cc48a21b289926b37b1ae55866a366fec84ed4fbe7af8ad9af66fa4c2977a694a13fdb1	2025-10-16 09:15:43.493	2025-10-16 09:15:43.494
979g9gn8VL1OBDPcTszD7	pamX5kHUGaqHVMap99wtG	credential	pamX5kHUGaqHVMap99wtG	\N	\N	\N	\N	\N	\N	90e263724fdae11e158546bb8fe3e245:aa3cff1d8e5069c3697e8ea9e9adcfc6106b1f9abd31ebbf571843316cc48a21b289926b37b1ae55866a366fec84ed4fbe7af8ad9af66fa4c2977a694a13fdb1	2025-10-16 09:15:43.495	2025-10-16 09:15:43.496
vcay-TnoIXdwiJkqDKXoN	1R67ZaOp7_0Qxpex8ysY4	credential	1R67ZaOp7_0Qxpex8ysY4	\N	\N	\N	\N	\N	\N	90e263724fdae11e158546bb8fe3e245:aa3cff1d8e5069c3697e8ea9e9adcfc6106b1f9abd31ebbf571843316cc48a21b289926b37b1ae55866a366fec84ed4fbe7af8ad9af66fa4c2977a694a13fdb1	2025-10-16 09:15:43.496	2025-10-16 09:15:43.498
OqtC_NIU6H3Byo8HmE0Zg	KnBpkerxGNRzy0W-NFuVy	credential	KnBpkerxGNRzy0W-NFuVy	\N	\N	\N	\N	\N	\N	90e263724fdae11e158546bb8fe3e245:aa3cff1d8e5069c3697e8ea9e9adcfc6106b1f9abd31ebbf571843316cc48a21b289926b37b1ae55866a366fec84ed4fbe7af8ad9af66fa4c2977a694a13fdb1	2025-10-16 09:15:43.498	2025-10-16 09:15:43.499
uL3wqE2UOShWie7KBLMQP	J5kAEVLG07ICow-NJB5X-	credential	J5kAEVLG07ICow-NJB5X-	\N	\N	\N	\N	\N	\N	90e263724fdae11e158546bb8fe3e245:aa3cff1d8e5069c3697e8ea9e9adcfc6106b1f9abd31ebbf571843316cc48a21b289926b37b1ae55866a366fec84ed4fbe7af8ad9af66fa4c2977a694a13fdb1	2025-10-16 09:15:43.5	2025-10-16 09:15:43.501
7_NOkLGPfrFcUfqMO6kiB	d6rlQQwMOftspFzQA3WrY	credential	d6rlQQwMOftspFzQA3WrY	\N	\N	\N	\N	\N	\N	90e263724fdae11e158546bb8fe3e245:aa3cff1d8e5069c3697e8ea9e9adcfc6106b1f9abd31ebbf571843316cc48a21b289926b37b1ae55866a366fec84ed4fbe7af8ad9af66fa4c2977a694a13fdb1	2025-10-16 09:15:43.501	2025-10-16 09:15:43.502
FQUvmTp9Sd9nWPpD1QFSz	UUdbmlVsjVUxFYbMSk_Lc	credential	UUdbmlVsjVUxFYbMSk_Lc	\N	\N	\N	\N	\N	\N	90e263724fdae11e158546bb8fe3e245:aa3cff1d8e5069c3697e8ea9e9adcfc6106b1f9abd31ebbf571843316cc48a21b289926b37b1ae55866a366fec84ed4fbe7af8ad9af66fa4c2977a694a13fdb1	2025-10-16 09:15:43.503	2025-10-16 09:15:43.504
mXg8D5_k6iqG9ConeQfoz	0IjnD_cbRUp2ZnpGdPJD8	credential	0IjnD_cbRUp2ZnpGdPJD8	\N	\N	\N	\N	\N	\N	90e263724fdae11e158546bb8fe3e245:aa3cff1d8e5069c3697e8ea9e9adcfc6106b1f9abd31ebbf571843316cc48a21b289926b37b1ae55866a366fec84ed4fbe7af8ad9af66fa4c2977a694a13fdb1	2025-10-16 09:15:43.504	2025-10-16 09:15:43.505
WEN3dPuSDnVAGHtD00MOS	L5bqgskH74PUnZg1CN4N3	credential	L5bqgskH74PUnZg1CN4N3	\N	\N	\N	\N	\N	\N	90e263724fdae11e158546bb8fe3e245:aa3cff1d8e5069c3697e8ea9e9adcfc6106b1f9abd31ebbf571843316cc48a21b289926b37b1ae55866a366fec84ed4fbe7af8ad9af66fa4c2977a694a13fdb1	2025-10-16 09:15:43.505	2025-10-16 09:15:43.506
HwKgRzrLdbC0xrfbb8td1	aHzIm4U9qakEI902hWLWA	credential	aHzIm4U9qakEI902hWLWA	\N	\N	\N	\N	\N	\N	90e263724fdae11e158546bb8fe3e245:aa3cff1d8e5069c3697e8ea9e9adcfc6106b1f9abd31ebbf571843316cc48a21b289926b37b1ae55866a366fec84ed4fbe7af8ad9af66fa4c2977a694a13fdb1	2025-10-16 09:15:43.507	2025-10-16 09:15:43.508
JoB1CptFh-r8_QOF-U0HE	oNNZqrK9mvesYNZxYowJb	credential	oNNZqrK9mvesYNZxYowJb	\N	\N	\N	\N	\N	\N	90e263724fdae11e158546bb8fe3e245:aa3cff1d8e5069c3697e8ea9e9adcfc6106b1f9abd31ebbf571843316cc48a21b289926b37b1ae55866a366fec84ed4fbe7af8ad9af66fa4c2977a694a13fdb1	2025-10-16 09:15:43.508	2025-10-16 09:15:43.512
n-A1v59ztbmjotBU5DVUz	D2--gaqEpa3uxu34w8Rfe	credential	D2--gaqEpa3uxu34w8Rfe	\N	\N	\N	\N	\N	\N	90e263724fdae11e158546bb8fe3e245:aa3cff1d8e5069c3697e8ea9e9adcfc6106b1f9abd31ebbf571843316cc48a21b289926b37b1ae55866a366fec84ed4fbe7af8ad9af66fa4c2977a694a13fdb1	2025-10-16 09:15:43.513	2025-10-16 09:15:43.514
OG7Z_CRqKVwEKmGMeoRv8	MVGtPEKGDmpUiytNWK0Hy	credential	MVGtPEKGDmpUiytNWK0Hy	\N	\N	\N	\N	\N	\N	90e263724fdae11e158546bb8fe3e245:aa3cff1d8e5069c3697e8ea9e9adcfc6106b1f9abd31ebbf571843316cc48a21b289926b37b1ae55866a366fec84ed4fbe7af8ad9af66fa4c2977a694a13fdb1	2025-10-16 09:15:43.514	2025-10-16 09:15:43.515
\.


--
-- Data for Name: Clock; Type: TABLE DATA; Schema: public; Owner: postgres
--

COPY public."Clock" (id, date, "checkType", "employeeId", "createdAt", "updatedAt") FROM stdin;
U_gVjF0SRTsjCVDS6MKEZ	2025-09-30 07:00:00	CHECKIN	a_y5D29tWhiQtddUYue5M	2025-10-16 09:15:43.62	2025-10-16 09:15:43.62
HCTr5ZQG4LGjMITpozkha	2025-09-30 06:58:00	CHECKIN	QgLoZi_eIlUfY6g6cMG_m	2025-10-16 09:15:43.621	2025-10-16 09:15:43.621
Z576vC6wnbyfx8UMkAYXw	2025-09-30 07:05:00	CHECKIN	JD2IX5JHw_klhUEveh6bv	2025-10-16 09:15:43.622	2025-10-16 09:15:43.622
t9AN4g9q399NDjfiJcDxJ	2025-09-30 07:03:00	CHECKIN	pamX5kHUGaqHVMap99wtG	2025-10-16 09:15:43.623	2025-10-16 09:15:43.623
6X2mSaXYpCvUHBIRQAJ1j	2025-09-30 07:02:00	CHECKIN	1R67ZaOp7_0Qxpex8ysY4	2025-10-16 09:15:43.623	2025-10-16 09:15:43.623
TXucRUR0-7GrkeZarGSHJ	2025-09-30 06:55:00	CHECKIN	KnBpkerxGNRzy0W-NFuVy	2025-10-16 09:15:43.624	2025-10-16 09:15:43.624
QXB-2UCa6NNbAADjy4k90	2025-09-30 07:15:00	CHECKIN	J5kAEVLG07ICow-NJB5X-	2025-10-16 09:15:43.625	2025-10-16 09:15:43.625
LoGS__Iats2FF38Z1jSW4	2025-09-30 07:01:00	CHECKIN	d6rlQQwMOftspFzQA3WrY	2025-10-16 09:15:43.625	2025-10-16 09:15:43.625
1xmV6-1iMM0Dog0B4NqsZ	2025-09-30 07:00:00	CHECKIN	UUdbmlVsjVUxFYbMSk_Lc	2025-10-16 09:15:43.626	2025-10-16 09:15:43.626
bI9tGyorrReg7vvxKnl6K	2025-09-30 07:10:00	CHECKIN	L5bqgskH74PUnZg1CN4N3	2025-10-16 09:15:43.627	2025-10-16 09:15:43.627
sSH7KRjqg3JKrCbWcvnNk	2025-10-01 06:55:00	CHECKIN	a_y5D29tWhiQtddUYue5M	2025-10-16 09:15:43.628	2025-10-16 09:15:43.628
GylaEe8oSOXF1FPZi7gDE	2025-10-01 07:08:00	CHECKIN	QgLoZi_eIlUfY6g6cMG_m	2025-10-16 09:15:43.628	2025-10-16 09:15:43.628
y5nM8cppUcRYYqJPz0bmT	2025-10-01 07:02:00	CHECKIN	JD2IX5JHw_klhUEveh6bv	2025-10-16 09:15:43.629	2025-10-16 09:15:43.629
BF_R12wJlqzbliftg254W	2025-10-01 07:12:00	CHECKIN	pamX5kHUGaqHVMap99wtG	2025-10-16 09:15:43.629	2025-10-16 09:15:43.629
6Qn6g0haJ67mMrGQuI3Dd	2025-10-01 07:00:00	CHECKIN	1R67ZaOp7_0Qxpex8ysY4	2025-10-16 09:15:43.63	2025-10-16 09:15:43.63
EV8iycz0f5lakGFgq5h82	2025-10-01 07:05:00	CHECKIN	KnBpkerxGNRzy0W-NFuVy	2025-10-16 09:15:43.631	2025-10-16 09:15:43.631
ICKGJS1Yn4CRm05jW5peK	2025-10-01 07:03:00	CHECKIN	J5kAEVLG07ICow-NJB5X-	2025-10-16 09:15:43.631	2025-10-16 09:15:43.631
M7SCq9R0SDSjJrkeHvNoP	2025-10-01 07:20:00	CHECKIN	d6rlQQwMOftspFzQA3WrY	2025-10-16 09:15:43.632	2025-10-16 09:15:43.632
_S0JqXtGKLt9nMXtTJzBj	2025-10-01 07:07:00	CHECKIN	0IjnD_cbRUp2ZnpGdPJD8	2025-10-16 09:15:43.633	2025-10-16 09:15:43.633
oP7vRH-GBP8gjb2KI7cj_	2025-10-01 07:00:00	CHECKIN	aHzIm4U9qakEI902hWLWA	2025-10-16 09:15:43.633	2025-10-16 09:15:43.633
MkkYu53MyqLJXLhGUFdB7	2025-10-02 07:01:00	CHECKIN	a_y5D29tWhiQtddUYue5M	2025-10-16 09:15:43.634	2025-10-16 09:15:43.634
Mdhe4zeo4NNL_0BdTFs4I	2025-10-02 07:00:00	CHECKIN	QgLoZi_eIlUfY6g6cMG_m	2025-10-16 09:15:43.635	2025-10-16 09:15:43.635
IBzXu9vL5LQb2XWD5EBme	2025-10-02 07:25:00	CHECKIN	JD2IX5JHw_klhUEveh6bv	2025-10-16 09:15:43.635	2025-10-16 09:15:43.635
9QNWEfnHmFIsmBPqYPRIy	2025-10-02 07:00:00	CHECKIN	pamX5kHUGaqHVMap99wtG	2025-10-16 09:15:43.636	2025-10-16 09:15:43.636
o899_b1fZZNHPyMKTFPwW	2025-10-02 07:10:00	CHECKIN	1R67ZaOp7_0Qxpex8ysY4	2025-10-16 09:15:43.637	2025-10-16 09:15:43.637
5IstsOEP-Z2MiqHcaLce2	2025-10-02 06:58:00	CHECKIN	KnBpkerxGNRzy0W-NFuVy	2025-10-16 09:15:43.637	2025-10-16 09:15:43.637
hXwve9d8pMn3L-xhkd-Fn	2025-10-02 07:08:00	CHECKIN	J5kAEVLG07ICow-NJB5X-	2025-10-16 09:15:43.638	2025-10-16 09:15:43.638
tAcdcwW2MWtvJ1MtOMiZ0	2025-10-02 07:02:00	CHECKIN	d6rlQQwMOftspFzQA3WrY	2025-10-16 09:15:43.639	2025-10-16 09:15:43.639
tbe1bQ4OqpeRJkMQRtzng	2025-10-02 07:05:00	CHECKIN	UUdbmlVsjVUxFYbMSk_Lc	2025-10-16 09:15:43.639	2025-10-16 09:15:43.639
UcIAZEk5NyX34mhjqr1fO	2025-10-02 07:15:00	CHECKIN	L5bqgskH74PUnZg1CN4N3	2025-10-16 09:15:43.64	2025-10-16 09:15:43.64
sbUWE9gwhbUUM8K9ip5xf	2025-10-03 06:58:00	CHECKIN	a_y5D29tWhiQtddUYue5M	2025-10-16 09:15:43.641	2025-10-16 09:15:43.641
AuSQu16FPpSg4aSMtztr7	2025-10-03 07:05:00	CHECKIN	QgLoZi_eIlUfY6g6cMG_m	2025-10-16 09:15:43.641	2025-10-16 09:15:43.641
Sd9nBiyf4QxfG7M5rPDrH	2025-10-03 07:00:00	CHECKIN	JD2IX5JHw_klhUEveh6bv	2025-10-16 09:15:43.642	2025-10-16 09:15:43.642
95U9Ww9H4mbs2z8NkmDt7	2025-10-03 07:18:00	CHECKIN	pamX5kHUGaqHVMap99wtG	2025-10-16 09:15:43.643	2025-10-16 09:15:43.643
O-awcGpU8ulw3EehS2uWU	2025-10-03 07:03:00	CHECKIN	1R67ZaOp7_0Qxpex8ysY4	2025-10-16 09:15:43.643	2025-10-16 09:15:43.643
FsjGglWhyKZR5ug2zEFsk	2025-10-03 07:12:00	CHECKIN	KnBpkerxGNRzy0W-NFuVy	2025-10-16 09:15:43.644	2025-10-16 09:15:43.644
-TYga_vmaPhXStfkHtHU_	2025-10-03 07:01:00	CHECKIN	J5kAEVLG07ICow-NJB5X-	2025-10-16 09:15:43.645	2025-10-16 09:15:43.645
SCYSVkC7RKtflJI3v4lAF	2025-10-03 07:00:00	CHECKIN	d6rlQQwMOftspFzQA3WrY	2025-10-16 09:15:43.645	2025-10-16 09:15:43.645
_WGo8XCX9tqoPJWWe6u0Z	2025-10-03 07:10:00	CHECKIN	0IjnD_cbRUp2ZnpGdPJD8	2025-10-16 09:15:43.646	2025-10-16 09:15:43.646
M6E8moUnBWJHbWtN89s52	2025-10-03 06:55:00	CHECKIN	aHzIm4U9qakEI902hWLWA	2025-10-16 09:15:43.647	2025-10-16 09:15:43.647
KbweFr6D-V0hcA1FkkhqN	2025-10-04 07:05:00	CHECKIN	a_y5D29tWhiQtddUYue5M	2025-10-16 09:15:43.648	2025-10-16 09:15:43.648
FKQHb_AJJ6NvA0YRPPEIQ	2025-10-04 07:02:00	CHECKIN	QgLoZi_eIlUfY6g6cMG_m	2025-10-16 09:15:43.648	2025-10-16 09:15:43.648
riEA-Hds-2cT_jsO1UTg8	2025-10-04 07:07:00	CHECKIN	JD2IX5JHw_klhUEveh6bv	2025-10-16 09:15:43.649	2025-10-16 09:15:43.649
k1F0OsUxW2wPhd5sQo9dN	2025-10-04 07:00:00	CHECKIN	pamX5kHUGaqHVMap99wtG	2025-10-16 09:15:43.65	2025-10-16 09:15:43.65
9jdOrahxrpGIcca-1NSG_	2025-10-04 07:20:00	CHECKIN	1R67ZaOp7_0Qxpex8ysY4	2025-10-16 09:15:43.651	2025-10-16 09:15:43.651
JbpdJLejsdVit7z5MFLCz	2025-10-04 07:00:00	CHECKIN	KnBpkerxGNRzy0W-NFuVy	2025-10-16 09:15:43.651	2025-10-16 09:15:43.651
eYMYV3_60LjQQ8O5AwJtG	2025-10-04 07:13:00	CHECKIN	J5kAEVLG07ICow-NJB5X-	2025-10-16 09:15:43.652	2025-10-16 09:15:43.652
5KmA1flrlGcfj9UA3EjKf	2025-10-04 07:08:00	CHECKIN	d6rlQQwMOftspFzQA3WrY	2025-10-16 09:15:43.652	2025-10-16 09:15:43.652
kSdTryqLdT0qfvm7TlqML	2025-10-04 07:02:00	CHECKIN	UUdbmlVsjVUxFYbMSk_Lc	2025-10-16 09:15:43.653	2025-10-16 09:15:43.653
U1_OQSC8zpvE9p0iHnOWD	2025-10-04 07:25:00	CHECKIN	L5bqgskH74PUnZg1CN4N3	2025-10-16 09:15:43.654	2025-10-16 09:15:43.654
jPDW0cFNWv1U-j4N1xHxV	2025-10-07 07:02:00	CHECKIN	a_y5D29tWhiQtddUYue5M	2025-10-16 09:15:43.654	2025-10-16 09:15:43.654
N0rZjfU_yfIv4ac5F-WCl	2025-10-07 07:00:00	CHECKIN	QgLoZi_eIlUfY6g6cMG_m	2025-10-16 09:15:43.655	2025-10-16 09:15:43.655
s1wViAfwHm6agog6qyQpf	2025-10-07 06:58:00	CHECKIN	JD2IX5JHw_klhUEveh6bv	2025-10-16 09:15:43.656	2025-10-16 09:15:43.656
7WnzCSRTvoJN7oGEEW2H0	2025-10-07 07:05:00	CHECKIN	pamX5kHUGaqHVMap99wtG	2025-10-16 09:15:43.656	2025-10-16 09:15:43.656
PpdcRwHn4Yd1S_FtBf9c9	2025-10-07 07:08:00	CHECKIN	1R67ZaOp7_0Qxpex8ysY4	2025-10-16 09:15:43.657	2025-10-16 09:15:43.657
miuxAZ_AO-hizWvMUn-E8	2025-10-07 07:15:00	CHECKIN	KnBpkerxGNRzy0W-NFuVy	2025-10-16 09:15:43.658	2025-10-16 09:15:43.658
V2akbzg0Bgzca_0PKQm9j	2025-10-07 07:00:00	CHECKIN	J5kAEVLG07ICow-NJB5X-	2025-10-16 09:15:43.658	2025-10-16 09:15:43.658
hFSpQCLNjpM69h2VAiD9c	2025-10-07 07:12:00	CHECKIN	d6rlQQwMOftspFzQA3WrY	2025-10-16 09:15:43.659	2025-10-16 09:15:43.659
D3rEGsBpZocEbyVHMdfPc	2025-10-07 07:03:00	CHECKIN	UUdbmlVsjVUxFYbMSk_Lc	2025-10-16 09:15:43.66	2025-10-16 09:15:43.66
sIHKe2KNoIw_v4TOhrb7b	2025-10-07 07:00:00	CHECKIN	L5bqgskH74PUnZg1CN4N3	2025-10-16 09:15:43.661	2025-10-16 09:15:43.661
8Ra_AuBMKKRfLkDxtEtY9	2025-10-08 07:10:00	CHECKIN	a_y5D29tWhiQtddUYue5M	2025-10-16 09:15:43.661	2025-10-16 09:15:43.661
LWcA_9jbsen3rA9-c-KMM	2025-10-08 07:07:00	CHECKIN	QgLoZi_eIlUfY6g6cMG_m	2025-10-16 09:15:43.662	2025-10-16 09:15:43.662
5aqD50cYqxfHOEytttKvm	2025-10-08 07:03:00	CHECKIN	JD2IX5JHw_klhUEveh6bv	2025-10-16 09:15:43.663	2025-10-16 09:15:43.663
2hnK4NIuBFdzNovNPPUT0	2025-10-08 07:22:00	CHECKIN	pamX5kHUGaqHVMap99wtG	2025-10-16 09:15:43.663	2025-10-16 09:15:43.663
P2huHeWchCwLKd-UPyI5N	2025-10-08 07:01:00	CHECKIN	1R67ZaOp7_0Qxpex8ysY4	2025-10-16 09:15:43.664	2025-10-16 09:15:43.664
YB-b_Xu5AGyRDN7KN9VmQ	2025-10-08 07:00:00	CHECKIN	KnBpkerxGNRzy0W-NFuVy	2025-10-16 09:15:43.665	2025-10-16 09:15:43.665
8RHVXw6wqZxhQ_zTcuwPw	2025-10-08 07:05:00	CHECKIN	J5kAEVLG07ICow-NJB5X-	2025-10-16 09:15:43.665	2025-10-16 09:15:43.665
4UDSE5QkHqmgYYgGKRKRJ	2025-10-08 07:00:00	CHECKIN	d6rlQQwMOftspFzQA3WrY	2025-10-16 09:15:43.666	2025-10-16 09:15:43.666
0ftwzhEwGVoP4YuuqfING	2025-10-08 07:18:00	CHECKIN	0IjnD_cbRUp2ZnpGdPJD8	2025-10-16 09:15:43.666	2025-10-16 09:15:43.666
FqTcKxtgH9pZPxrEq-J9X	2025-10-08 06:52:00	CHECKIN	aHzIm4U9qakEI902hWLWA	2025-10-16 09:15:43.667	2025-10-16 09:15:43.667
jaEt5xlEfLcS2NqDknz_e	2025-10-09 06:57:00	CHECKIN	a_y5D29tWhiQtddUYue5M	2025-10-16 09:15:43.668	2025-10-16 09:15:43.668
gonyhbtLUzPIWyXZLD_BS	2025-10-09 07:03:00	CHECKIN	QgLoZi_eIlUfY6g6cMG_m	2025-10-16 09:15:43.668	2025-10-16 09:15:43.668
m9kkYdWxNhn-Wvu4SdWp4	2025-10-09 07:10:00	CHECKIN	JD2IX5JHw_klhUEveh6bv	2025-10-16 09:15:43.669	2025-10-16 09:15:43.669
VgMZoN6BXCaM7xCOFzcU6	2025-10-09 07:01:00	CHECKIN	pamX5kHUGaqHVMap99wtG	2025-10-16 09:15:43.67	2025-10-16 09:15:43.67
OSzpxTiLWWzK7_Fada89b	2025-10-09 07:12:00	CHECKIN	1R67ZaOp7_0Qxpex8ysY4	2025-10-16 09:15:43.671	2025-10-16 09:15:43.671
8Ly7Uulir40P5Coro8hcO	2025-10-09 07:05:00	CHECKIN	KnBpkerxGNRzy0W-NFuVy	2025-10-16 09:15:43.671	2025-10-16 09:15:43.671
RgLmJQXwA_KrdDbJVLyJl	2025-10-09 07:00:00	CHECKIN	J5kAEVLG07ICow-NJB5X-	2025-10-16 09:15:43.672	2025-10-16 09:15:43.672
KXOjqpskiYvbn8IcklVcx	2025-10-09 07:08:00	CHECKIN	d6rlQQwMOftspFzQA3WrY	2025-10-16 09:15:43.673	2025-10-16 09:15:43.673
j6A3MuZZORahNPRG-0OUU	2025-10-09 07:00:00	CHECKIN	UUdbmlVsjVUxFYbMSk_Lc	2025-10-16 09:15:43.674	2025-10-16 09:15:43.674
7ceJu7N_RJEo2vsOArhrz	2025-10-09 07:30:00	CHECKIN	L5bqgskH74PUnZg1CN4N3	2025-10-16 09:15:43.674	2025-10-16 09:15:43.674
yGW9jd-Ud_dcZPEnl5rIy	2025-10-10 07:00:00	CHECKIN	a_y5D29tWhiQtddUYue5M	2025-10-16 09:15:43.675	2025-10-16 09:15:43.675
4Vu_WHvwPwMbO69AlO4qI	2025-10-10 07:10:00	CHECKIN	QgLoZi_eIlUfY6g6cMG_m	2025-10-16 09:15:43.675	2025-10-16 09:15:43.675
9bcL8fTmcTJod7F_Okbbr	2025-10-10 07:05:00	CHECKIN	JD2IX5JHw_klhUEveh6bv	2025-10-16 09:15:43.676	2025-10-16 09:15:43.676
BEmWf2um5Jw-9LPleaVyr	2025-10-10 07:15:00	CHECKIN	pamX5kHUGaqHVMap99wtG	2025-10-16 09:15:43.677	2025-10-16 09:15:43.677
MiTflOtXjXGSBZkVNuZrJ	2025-10-10 07:00:00	CHECKIN	1R67ZaOp7_0Qxpex8ysY4	2025-10-16 09:15:43.678	2025-10-16 09:15:43.678
MXwI3SIlBb67f43S8EBlj	2025-10-10 07:08:00	CHECKIN	KnBpkerxGNRzy0W-NFuVy	2025-10-16 09:15:43.678	2025-10-16 09:15:43.678
Wmo2x-O61no_6HQ3ah8vV	2025-10-10 07:17:00	CHECKIN	J5kAEVLG07ICow-NJB5X-	2025-10-16 09:15:43.679	2025-10-16 09:15:43.679
KiTa87YC-J3sTiOPkuav1	2025-10-10 07:03:00	CHECKIN	d6rlQQwMOftspFzQA3WrY	2025-10-16 09:15:43.679	2025-10-16 09:15:43.679
z6Lv4QtCrSueLA7MFpwSx	2025-10-10 07:12:00	CHECKIN	0IjnD_cbRUp2ZnpGdPJD8	2025-10-16 09:15:43.68	2025-10-16 09:15:43.68
doCy8LaS9W0yRM6LwaaoR	2025-10-10 07:00:00	CHECKIN	aHzIm4U9qakEI902hWLWA	2025-10-16 09:15:43.681	2025-10-16 09:15:43.681
2jLqoOsYAldWP2fBoJL0r	2025-10-11 07:03:00	CHECKIN	a_y5D29tWhiQtddUYue5M	2025-10-16 09:15:43.681	2025-10-16 09:15:43.681
1T_rGLNACCIfuVpfDDoH3	2025-10-11 07:00:00	CHECKIN	QgLoZi_eIlUfY6g6cMG_m	2025-10-16 09:15:43.682	2025-10-16 09:15:43.682
MYwDX-M24q_8h2U8ETgye	2025-10-11 07:12:00	CHECKIN	JD2IX5JHw_klhUEveh6bv	2025-10-16 09:15:43.683	2025-10-16 09:15:43.683
zdoxWf8ijKFsjA8tKckm5	2025-10-11 07:08:00	CHECKIN	pamX5kHUGaqHVMap99wtG	2025-10-16 09:15:43.683	2025-10-16 09:15:43.683
gNJ8CnhfR7RRfQAEhK8f-	2025-10-11 07:25:00	CHECKIN	1R67ZaOp7_0Qxpex8ysY4	2025-10-16 09:15:43.684	2025-10-16 09:15:43.684
ap4Oe9zTV90dAj8JO5syy	2025-10-11 07:02:00	CHECKIN	KnBpkerxGNRzy0W-NFuVy	2025-10-16 09:15:43.685	2025-10-16 09:15:43.685
76RdzXXsGpzmAeYJDX3AF	2025-10-11 07:00:00	CHECKIN	J5kAEVLG07ICow-NJB5X-	2025-10-16 09:15:43.685	2025-10-16 09:15:43.685
6eAt_v5r62M6VWHuZkNR0	2025-10-11 07:10:00	CHECKIN	d6rlQQwMOftspFzQA3WrY	2025-10-16 09:15:43.686	2025-10-16 09:15:43.686
-uawvGXShg6t0LBwiucAC	2025-10-11 07:05:00	CHECKIN	UUdbmlVsjVUxFYbMSk_Lc	2025-10-16 09:15:43.687	2025-10-16 09:15:43.687
M6T0Af98D5Q0OnD6fYxWY	2025-10-11 07:20:00	CHECKIN	L5bqgskH74PUnZg1CN4N3	2025-10-16 09:15:43.687	2025-10-16 09:15:43.687
JaydzI38124jtDUA7STYg	2025-10-14 07:05:00	CHECKIN	a_y5D29tWhiQtddUYue5M	2025-10-16 09:15:43.688	2025-10-16 09:15:43.688
BQESx_inO87xHe2W6MPLc	2025-10-14 06:58:00	CHECKIN	QgLoZi_eIlUfY6g6cMG_m	2025-10-16 09:15:43.689	2025-10-16 09:15:43.689
4BRE-RYvPuoEYbqDQ7xI9	2025-10-14 07:00:00	CHECKIN	JD2IX5JHw_klhUEveh6bv	2025-10-16 09:15:43.689	2025-10-16 09:15:43.689
nLnVvq6iy50zFGGjOf4s_	2025-10-14 07:12:00	CHECKIN	pamX5kHUGaqHVMap99wtG	2025-10-16 09:15:43.69	2025-10-16 09:15:43.69
595JB2KO1XKROYjW-Ojmv	2025-10-14 07:02:00	CHECKIN	1R67ZaOp7_0Qxpex8ysY4	2025-10-16 09:15:43.69	2025-10-16 09:15:43.69
4i149V3roI1dxdENaee2n	2025-10-14 07:07:00	CHECKIN	KnBpkerxGNRzy0W-NFuVy	2025-10-16 09:15:43.691	2025-10-16 09:15:43.691
2NALM66QfShr3F5cheJQS	2025-10-14 07:00:00	CHECKIN	J5kAEVLG07ICow-NJB5X-	2025-10-16 09:15:43.692	2025-10-16 09:15:43.692
c6M7A-neyKfyaJxysj95q	2025-10-14 07:01:00	CHECKIN	d6rlQQwMOftspFzQA3WrY	2025-10-16 09:15:43.693	2025-10-16 09:15:43.693
O8kz4oZFBtveTl7m2KPpb	2025-10-14 07:08:00	CHECKIN	UUdbmlVsjVUxFYbMSk_Lc	2025-10-16 09:15:43.693	2025-10-16 09:15:43.693
tGaIZImd_iYhpDoONQ8yz	2025-10-14 07:10:00	CHECKIN	L5bqgskH74PUnZg1CN4N3	2025-10-16 09:15:43.694	2025-10-16 09:15:43.694
RlmJa0-Y2qtEM9w8w09PT	2025-10-15 07:02:00	CHECKIN	a_y5D29tWhiQtddUYue5M	2025-10-16 09:15:43.695	2025-10-16 09:15:43.695
QlIoqjtWwX6VRpz1x14TP	2025-10-15 07:05:00	CHECKIN	QgLoZi_eIlUfY6g6cMG_m	2025-10-16 09:15:43.695	2025-10-16 09:15:43.695
tehfc6GsG2B7kA6Jgq4z9	2025-10-15 06:55:00	CHECKIN	JD2IX5JHw_klhUEveh6bv	2025-10-16 09:15:43.696	2025-10-16 09:15:43.696
jtnX8UBTasPw2mrzMnP6_	2025-10-15 07:00:00	CHECKIN	pamX5kHUGaqHVMap99wtG	2025-10-16 09:15:43.697	2025-10-16 09:15:43.697
v7h7bpDfJljjCpZn2caLO	2025-10-15 07:10:00	CHECKIN	1R67ZaOp7_0Qxpex8ysY4	2025-10-16 09:15:43.697	2025-10-16 09:15:43.697
D7vqYQzN56kCA5N6Bpyjp	2025-10-15 07:15:00	CHECKIN	KnBpkerxGNRzy0W-NFuVy	2025-10-16 09:15:43.698	2025-10-16 09:15:43.698
cW-9NIQlzMTUN53-jVk0D	2025-10-15 07:03:00	CHECKIN	J5kAEVLG07ICow-NJB5X-	2025-10-16 09:15:43.699	2025-10-16 09:15:43.699
5EQRADjSIKyXzHZwvQtDm	2025-10-15 07:20:00	CHECKIN	d6rlQQwMOftspFzQA3WrY	2025-10-16 09:15:43.699	2025-10-16 09:15:43.699
CxZecFg6zAMSjprDe2pi8	2025-10-15 07:00:00	CHECKIN	0IjnD_cbRUp2ZnpGdPJD8	2025-10-16 09:15:43.7	2025-10-16 09:15:43.7
9ufyWCSlgX3n0nCh95UlY	2025-10-15 06:50:00	CHECKIN	aHzIm4U9qakEI902hWLWA	2025-10-16 09:15:43.701	2025-10-16 09:15:43.701
RVKdNyKXwEnf8exXiMfF4	2025-10-16 07:00:00	CHECKIN	a_y5D29tWhiQtddUYue5M	2025-10-16 09:15:43.701	2025-10-16 09:15:43.701
3iszsLeF0AXCazjUgByVQ	2025-10-16 07:03:00	CHECKIN	QgLoZi_eIlUfY6g6cMG_m	2025-10-16 09:15:43.702	2025-10-16 09:15:43.702
DuwZYPA8GH4xd5Rt_-CBF	2025-10-16 07:08:00	CHECKIN	JD2IX5JHw_klhUEveh6bv	2025-10-16 09:15:43.702	2025-10-16 09:15:43.702
IpmwkfLn2yOrjV1leP6qm	2025-10-16 07:07:00	CHECKIN	pamX5kHUGaqHVMap99wtG	2025-10-16 09:15:43.703	2025-10-16 09:15:43.703
J_3YkmbjDCyOt8yL9xceM	2025-10-16 07:00:00	CHECKIN	1R67ZaOp7_0Qxpex8ysY4	2025-10-16 09:15:43.704	2025-10-16 09:15:43.704
D4Hh-4NaQiFLzV2Z5zzsT	2025-10-16 06:59:00	CHECKIN	KnBpkerxGNRzy0W-NFuVy	2025-10-16 09:15:43.705	2025-10-16 09:15:43.705
k5_505P204_GNqRZJ0psJ	2025-10-16 07:12:00	CHECKIN	J5kAEVLG07ICow-NJB5X-	2025-10-16 09:15:43.705	2025-10-16 09:15:43.705
HLiGDixEHdFTDqyJ9L2d6	2025-10-16 07:01:00	CHECKIN	d6rlQQwMOftspFzQA3WrY	2025-10-16 09:15:43.706	2025-10-16 09:15:43.706
Xt8g57mcdzurT0m1UMI8q	2025-10-16 07:15:00	CHECKIN	UUdbmlVsjVUxFYbMSk_Lc	2025-10-16 09:15:43.707	2025-10-16 09:15:43.707
m_BZOgP_fKaiIfmZdMeEG	2025-10-16 07:25:00	CHECKIN	L5bqgskH74PUnZg1CN4N3	2025-10-16 09:15:43.707	2025-10-16 09:15:43.707
\.


--
-- Data for Name: Contract; Type: TABLE DATA; Schema: public; Owner: postgres
--

COPY public."Contract" (id, "contractType", "startDate", "endDate", "employeeId", "createdAt", "updatedAt") FROM stdin;
dPBXEv2QA5_7fXIBynjND	CDI	2020-01-15 00:00:00	\N	a_y5D29tWhiQtddUYue5M	2025-10-16 09:15:43.516	2025-10-16 09:15:43.516
DP0kbF2urQFoR-GJT4h2b	CDI	2023-06-01 00:00:00	\N	QgLoZi_eIlUfY6g6cMG_m	2025-10-16 09:15:43.517	2025-10-16 09:15:43.517
CoAS7-7U2BkoOUlwaDhXs	CDD	2020-03-01 00:00:00	2021-02-28 00:00:00	JD2IX5JHw_klhUEveh6bv	2025-10-16 09:15:43.518	2025-10-16 09:15:43.518
QxA4-vmoBmDfO35WOKhJY	CDI	2021-03-01 00:00:00	\N	JD2IX5JHw_klhUEveh6bv	2025-10-16 09:15:43.519	2025-10-16 09:15:43.519
qjMiQuNyOmvYY2_OcgCRl	STAGE	2020-03-01 00:00:00	2020-08-31 00:00:00	LTi8dH8ZTQSa_2-N3LZ93	2025-10-16 09:15:43.52	2025-10-16 09:15:43.52
HgzqZ-2OwxrdIndN3HCE2	CDD	2020-09-01 00:00:00	2021-08-31 00:00:00	LTi8dH8ZTQSa_2-N3LZ93	2025-10-16 09:15:43.521	2025-10-16 09:15:43.521
dAdtRsoyD2Rt00ge1aQB9	CDI	2021-09-01 00:00:00	\N	LTi8dH8ZTQSa_2-N3LZ93	2025-10-16 09:15:43.521	2025-10-16 09:15:43.521
6h-VwmmVUUqZkohMa2-j7	CDI	2024-01-10 00:00:00	\N	pamX5kHUGaqHVMap99wtG	2025-10-16 09:15:43.522	2025-10-16 09:15:43.522
7N-cSbIJE7kVNoRufU3yS	STAGE	2021-12-01 00:00:00	2022-05-31 00:00:00	1R67ZaOp7_0Qxpex8ysY4	2025-10-16 09:15:43.523	2025-10-16 09:15:43.523
i5AOv7O3A-xCwUTiUl3sY	CDI	2022-06-01 00:00:00	\N	1R67ZaOp7_0Qxpex8ysY4	2025-10-16 09:15:43.524	2025-10-16 09:15:43.524
C2muhXNwgIkrhmaTq3mYX	CDD	2021-02-14 00:00:00	2022-02-13 00:00:00	KnBpkerxGNRzy0W-NFuVy	2025-10-16 09:15:43.525	2025-10-16 09:15:43.525
6ejG6qnbPi1wqv2rKD-pg	CDI	2022-02-14 00:00:00	\N	KnBpkerxGNRzy0W-NFuVy	2025-10-16 09:15:43.525	2025-10-16 09:15:43.525
JmmIL3JtJmIIQwNg_7Bbo	CDD	2021-01-09 00:00:00	2023-01-08 00:00:00	J5kAEVLG07ICow-NJB5X-	2025-10-16 09:15:43.527	2025-10-16 09:15:43.527
eSYBvB_SRwZgeLBj3AP_K	CDI	2023-01-09 00:00:00	\N	J5kAEVLG07ICow-NJB5X-	2025-10-16 09:15:43.527	2025-10-16 09:15:43.527
iRZ7CMqkICbniUSTr87s2	CDD	2022-11-22 00:00:00	2023-05-21 00:00:00	d6rlQQwMOftspFzQA3WrY	2025-10-16 09:15:43.528	2025-10-16 09:15:43.528
HGc_8TZQoa8moQm6-tSFh	CDI	2023-05-22 00:00:00	\N	d6rlQQwMOftspFzQA3WrY	2025-10-16 09:15:43.529	2025-10-16 09:15:43.529
aURRTHqy7IjrvCE4eCRJ6	STAGE	2023-09-11 00:00:00	2023-12-10 00:00:00	UUdbmlVsjVUxFYbMSk_Lc	2025-10-16 09:15:43.53	2025-10-16 09:15:43.53
yOtHkEnhFcPJAhJ4B8ao4	CDD	2023-12-11 00:00:00	2024-03-10 00:00:00	UUdbmlVsjVUxFYbMSk_Lc	2025-10-16 09:15:43.531	2025-10-16 09:15:43.531
_Z5BQPiQMyXa2CwoafSiA	CDI	2024-03-11 00:00:00	\N	UUdbmlVsjVUxFYbMSk_Lc	2025-10-16 09:15:43.532	2025-10-16 09:15:43.532
ppf_S9tK5C_Usy8lIS1x4	STAGE	2024-04-01 00:00:00	2024-09-30 00:00:00	0IjnD_cbRUp2ZnpGdPJD8	2025-10-16 09:15:43.532	2025-10-16 09:15:43.532
UnhOrGfFbLhDxXkPldPEA	CDD	2024-10-01 00:00:00	2025-09-30 00:00:00	0IjnD_cbRUp2ZnpGdPJD8	2025-10-16 09:15:43.533	2025-10-16 09:15:43.533
o6KXlAHwUd5Bqt9SdKDpp	CDD	2024-09-15 00:00:00	2025-09-14 00:00:00	L5bqgskH74PUnZg1CN4N3	2025-10-16 09:15:43.534	2025-10-16 09:15:43.534
7ekjnT1VLvt8zHOxdxK82	CDD	2025-01-02 00:00:00	2026-01-01 00:00:00	aHzIm4U9qakEI902hWLWA	2025-10-16 09:15:43.535	2025-10-16 09:15:43.535
t2awLfpg5h4x5qQO9Kncl	CDD	2025-02-17 00:00:00	2026-02-16 00:00:00	oNNZqrK9mvesYNZxYowJb	2025-10-16 09:15:43.536	2025-10-16 09:15:43.536
Q1GtjOqMQl6xrV53NrWaB	INTERIM	2025-08-01 00:00:00	2025-11-30 00:00:00	D2--gaqEpa3uxu34w8Rfe	2025-10-16 09:15:43.537	2025-10-16 09:15:43.537
88xuvYq0-XPVHcB7jkR41	STAGE	2025-04-01 00:00:00	2025-09-30 00:00:00	MVGtPEKGDmpUiytNWK0Hy	2025-10-16 09:15:43.537	2025-10-16 09:15:43.537
\.


--
-- Data for Name: Day; Type: TABLE DATA; Schema: public; Owner: postgres
--

COPY public."Day" (id, "dayOfWeek", arriving, leaving, breack, "scheduleId", "createdAt", "updatedAt") FROM stdin;
gxmQECcx4JAkQB9dnX876	MONDAY	07:00	15:00	60	OART7lBNemRzmjiUCYU0w	2025-10-16 09:15:43.555	2025-10-16 09:15:43.555
8F4r9uUJsi_ZL4BL5LOzD	TUESDAY	07:00	15:00	60	OART7lBNemRzmjiUCYU0w	2025-10-16 09:15:43.556	2025-10-16 09:15:43.556
I5EmBHg6iObbZQh6m97pN	WEDNESDAY	07:00	15:00	60	OART7lBNemRzmjiUCYU0w	2025-10-16 09:15:43.556	2025-10-16 09:15:43.556
wnjriqbd4wUMBRfK8vzpv	THURSDAY	07:00	15:00	60	OART7lBNemRzmjiUCYU0w	2025-10-16 09:15:43.556	2025-10-16 09:15:43.556
VwNelyqyW0mqYyNiZt3SJ	FRIDAY	07:00	15:00	60	OART7lBNemRzmjiUCYU0w	2025-10-16 09:15:43.557	2025-10-16 09:15:43.557
OfloaSi_DgA2rF2cSdw9U	MONDAY	08:00	17:00	90	OqWoD-WOjo0sv3sr45Vqg	2025-10-16 09:15:43.557	2025-10-16 09:15:43.557
aJMaDXrSW8Utx3k3FAZq-	TUESDAY	08:00	17:00	90	OqWoD-WOjo0sv3sr45Vqg	2025-10-16 09:15:43.557	2025-10-16 09:15:43.557
gNjqZMbnOPdclwvK0hZyM	WEDNESDAY	08:00	17:00	90	OqWoD-WOjo0sv3sr45Vqg	2025-10-16 09:15:43.558	2025-10-16 09:15:43.558
07f4sxyYcXtmmoLMWb3Jv	THURSDAY	08:00	17:00	90	OqWoD-WOjo0sv3sr45Vqg	2025-10-16 09:15:43.558	2025-10-16 09:15:43.558
R1_XuqILqqKfcUefiSul2	FRIDAY	08:00	17:00	90	OqWoD-WOjo0sv3sr45Vqg	2025-10-16 09:15:43.558	2025-10-16 09:15:43.558
nkxybxK5tAnetB-gF5eT-	MONDAY	09:00	17:00	60	dYQe9kdSnz0Ijl9ktfCS9	2025-10-16 09:15:43.558	2025-10-16 09:15:43.558
L0PkOijKRK_65bp6MfNwK	TUESDAY	09:00	17:00	60	dYQe9kdSnz0Ijl9ktfCS9	2025-10-16 09:15:43.559	2025-10-16 09:15:43.559
5ojOzBQqs9_RQlBu-e-X1	WEDNESDAY	09:00	17:00	60	dYQe9kdSnz0Ijl9ktfCS9	2025-10-16 09:15:43.559	2025-10-16 09:15:43.559
nMtZDSbzp284oO24_JC11	THURSDAY	09:00	17:00	60	dYQe9kdSnz0Ijl9ktfCS9	2025-10-16 09:15:43.559	2025-10-16 09:15:43.559
ezPMeI3xczOnErRPjPDb0	FRIDAY	09:00	17:00	60	dYQe9kdSnz0Ijl9ktfCS9	2025-10-16 09:15:43.559	2025-10-16 09:15:43.559
pCyaihokOmb7QcjBsFzhY	MONDAY	10:00	18:00	60	MVmRiwL-UNYN7VICnEXpo	2025-10-16 09:15:43.56	2025-10-16 09:15:43.56
bTSDfqS9x1RQD4bZOnlHS	TUESDAY	10:00	18:00	60	MVmRiwL-UNYN7VICnEXpo	2025-10-16 09:15:43.56	2025-10-16 09:15:43.56
354OJIniogXdp5RdCxj2G	WEDNESDAY	10:00	18:00	60	MVmRiwL-UNYN7VICnEXpo	2025-10-16 09:15:43.56	2025-10-16 09:15:43.56
K7rWNah8Yr72PfHJtRL51	THURSDAY	10:00	18:00	60	MVmRiwL-UNYN7VICnEXpo	2025-10-16 09:15:43.56	2025-10-16 09:15:43.56
N3EN3A4wPSGEaLcGu41Id	FRIDAY	10:00	18:00	60	MVmRiwL-UNYN7VICnEXpo	2025-10-16 09:15:43.561	2025-10-16 09:15:43.561
lFADu-A58-XwgjgEPdbQW	MONDAY	09:00	17:00	60	nrcF3_4mABf5rCl9Fd51g	2025-10-16 09:15:43.561	2025-10-16 09:15:43.561
40kb58srLT-w58VUCaKmW	TUESDAY	09:00	17:00	60	nrcF3_4mABf5rCl9Fd51g	2025-10-16 09:15:43.561	2025-10-16 09:15:43.561
LHhSwbaH8lclEgqRbi9Il	WEDNESDAY	09:00	17:00	60	nrcF3_4mABf5rCl9Fd51g	2025-10-16 09:15:43.562	2025-10-16 09:15:43.562
zgw5E4WkrcEwfUxFw646S	THURSDAY	09:00	17:00	60	nrcF3_4mABf5rCl9Fd51g	2025-10-16 09:15:43.562	2025-10-16 09:15:43.562
EDiZCLea5TSUtdyrh8qIx	FRIDAY	09:00	17:00	60	nrcF3_4mABf5rCl9Fd51g	2025-10-16 09:15:43.562	2025-10-16 09:15:43.562
q3-cKSlZShnf3JN7F_WTD	MONDAY	10:00	19:00	90	5_mlQ2qbjSzm7fRQZPih6	2025-10-16 09:15:43.562	2025-10-16 09:15:43.562
unKL3K3GcWvalOJiRnoez	TUESDAY	10:00	19:00	90	5_mlQ2qbjSzm7fRQZPih6	2025-10-16 09:15:43.563	2025-10-16 09:15:43.563
_Dd664G2hyzfXhRFAnmBu	WEDNESDAY	10:00	19:00	90	5_mlQ2qbjSzm7fRQZPih6	2025-10-16 09:15:43.563	2025-10-16 09:15:43.563
tMWgXrV8Rh-R-2lQg055O	THURSDAY	10:00	19:00	90	5_mlQ2qbjSzm7fRQZPih6	2025-10-16 09:15:43.563	2025-10-16 09:15:43.563
KP4hjLpu1r0PGB2uUdemO	FRIDAY	10:00	19:00	90	5_mlQ2qbjSzm7fRQZPih6	2025-10-16 09:15:43.564	2025-10-16 09:15:43.564
MmBgIWt8Hv1wE7XNZZoCz	MONDAY	08:00	17:00	90	Uctl2AwAARdIAzSDbxhaY	2025-10-16 09:15:43.564	2025-10-16 09:15:43.564
_rKj08VrFP8ns1gFVrgd4	TUESDAY	08:00	17:00	90	Uctl2AwAARdIAzSDbxhaY	2025-10-16 09:15:43.564	2025-10-16 09:15:43.564
HKuGll5rh4z8FS2OFt5jr	WEDNESDAY	08:00	17:00	90	Uctl2AwAARdIAzSDbxhaY	2025-10-16 09:15:43.564	2025-10-16 09:15:43.564
3H0jCFT_ohd5Yn4n4GIAg	THURSDAY	08:00	17:00	90	Uctl2AwAARdIAzSDbxhaY	2025-10-16 09:15:43.565	2025-10-16 09:15:43.565
c0KLHBBMN_OkIQ6TrAbj-	FRIDAY	08:00	17:00	90	Uctl2AwAARdIAzSDbxhaY	2025-10-16 09:15:43.565	2025-10-16 09:15:43.565
ELjeSSp1Ln2mCkADfCbj8	TUESDAY	09:00	18:00	60	wqCj84SXUNdOAaChOIA0I	2025-10-16 09:15:43.565	2025-10-16 09:15:43.565
QGyS7nb9JMfa64WkkHR3p	WEDNESDAY	09:00	18:00	60	wqCj84SXUNdOAaChOIA0I	2025-10-16 09:15:43.566	2025-10-16 09:15:43.566
5qLF7HMMT_RHhlHss2a7r	THURSDAY	09:00	18:00	60	wqCj84SXUNdOAaChOIA0I	2025-10-16 09:15:43.566	2025-10-16 09:15:43.566
AdDvoVR-Ahn2Pj683tO8o	FRIDAY	09:00	18:00	60	wqCj84SXUNdOAaChOIA0I	2025-10-16 09:15:43.566	2025-10-16 09:15:43.566
rA6zQeVBXmkUGvSHUxS10	SATURDAY	09:00	18:00	60	wqCj84SXUNdOAaChOIA0I	2025-10-16 09:15:43.567	2025-10-16 09:15:43.567
9Q4cn__Pgv-3HrfMjrI45	TUESDAY	08:00	16:00	60	sA0-8y9QoTSOA4RAbnyVP	2025-10-16 09:15:43.567	2025-10-16 09:15:43.567
69kYNJMapstSP0SYsh2t-	WEDNESDAY	08:00	16:00	60	sA0-8y9QoTSOA4RAbnyVP	2025-10-16 09:15:43.567	2025-10-16 09:15:43.567
dzzOFLY4vuch25VgYi_Su	THURSDAY	08:00	16:00	60	sA0-8y9QoTSOA4RAbnyVP	2025-10-16 09:15:43.567	2025-10-16 09:15:43.567
FCdQtHue2ZkcEH7ibh4Gw	FRIDAY	08:00	16:00	60	sA0-8y9QoTSOA4RAbnyVP	2025-10-16 09:15:43.568	2025-10-16 09:15:43.568
ve5RvQeQbdAl1SsgthVXp	SATURDAY	08:00	16:00	60	sA0-8y9QoTSOA4RAbnyVP	2025-10-16 09:15:43.568	2025-10-16 09:15:43.568
1xFg3PMgTqK9HStntc5vu	MONDAY	09:00	17:00	60	YiPmZf6xaGJg9EgoYFlU7	2025-10-16 09:15:43.568	2025-10-16 09:15:43.568
vx20UL6gXB0WXJQ9LCRsP	TUESDAY	09:00	17:00	60	YiPmZf6xaGJg9EgoYFlU7	2025-10-16 09:15:43.568	2025-10-16 09:15:43.568
ZUpgITLogNPeg3tbJl2Nc	WEDNESDAY	09:00	17:00	60	YiPmZf6xaGJg9EgoYFlU7	2025-10-16 09:15:43.569	2025-10-16 09:15:43.569
YsjFcoCpY_aHYpXIhM-6c	THURSDAY	09:00	17:00	60	YiPmZf6xaGJg9EgoYFlU7	2025-10-16 09:15:43.569	2025-10-16 09:15:43.569
KVsroLwsjCp2qJQ5ikIsW	FRIDAY	09:00	17:00	60	YiPmZf6xaGJg9EgoYFlU7	2025-10-16 09:15:43.569	2025-10-16 09:15:43.569
GpPuqRVerGXHZ6ptXqdAl	MONDAY	08:00	16:00	60	aWwKReXg1WJlM86KB5pAC	2025-10-16 09:15:43.569	2025-10-16 09:15:43.569
JGvA8RuN-p22RLHKaoiUX	TUESDAY	08:00	16:00	60	aWwKReXg1WJlM86KB5pAC	2025-10-16 09:15:43.57	2025-10-16 09:15:43.57
TmvtQ1todzqqOlUYeaUv2	WEDNESDAY	08:00	16:00	60	aWwKReXg1WJlM86KB5pAC	2025-10-16 09:15:43.57	2025-10-16 09:15:43.57
sqbPghtu1uis_ddDwVO0X	THURSDAY	08:00	16:00	60	aWwKReXg1WJlM86KB5pAC	2025-10-16 09:15:43.57	2025-10-16 09:15:43.57
izM73wcO-2E2d4ExQUKBp	FRIDAY	08:00	16:00	60	aWwKReXg1WJlM86KB5pAC	2025-10-16 09:15:43.57	2025-10-16 09:15:43.57
RKTLM4GOgZE0pQljAyd90	MONDAY	08:00	17:00	90	8-mrWitVk3uG97fX4qQvZ	2025-10-16 09:15:43.571	2025-10-16 09:15:43.571
L_otF-OXTSZQL-hF-Kreu	TUESDAY	08:00	17:00	90	8-mrWitVk3uG97fX4qQvZ	2025-10-16 09:15:43.571	2025-10-16 09:15:43.571
anbDchZetaF5bNvY_yuup	WEDNESDAY	08:00	17:00	90	8-mrWitVk3uG97fX4qQvZ	2025-10-16 09:15:43.571	2025-10-16 09:15:43.571
WP7je4P4_3SIbTfxlggR7	THURSDAY	08:00	17:00	90	8-mrWitVk3uG97fX4qQvZ	2025-10-16 09:15:43.572	2025-10-16 09:15:43.572
p7mOeXr_wIqT5StRLmGZJ	FRIDAY	08:00	17:00	90	8-mrWitVk3uG97fX4qQvZ	2025-10-16 09:15:43.572	2025-10-16 09:15:43.572
yVbVkIdrVjPb0kfkSQ0A_	MONDAY	07:00	15:00	60	kqy8CmSekgMtxMMtxQrFq	2025-10-16 09:15:43.572	2025-10-16 09:15:43.572
g_AypghNPw30j7wb_h86E	TUESDAY	07:00	15:00	60	kqy8CmSekgMtxMMtxQrFq	2025-10-16 09:15:43.573	2025-10-16 09:15:43.573
9l-AKY4S9tQtbxV8IQ23P	WEDNESDAY	07:00	15:00	60	kqy8CmSekgMtxMMtxQrFq	2025-10-16 09:15:43.573	2025-10-16 09:15:43.573
lZKSz0DC9eZvDgkFbMoG2	THURSDAY	07:00	15:00	60	kqy8CmSekgMtxMMtxQrFq	2025-10-16 09:15:43.573	2025-10-16 09:15:43.573
OWKknjupmrfvmGXIBvlk0	FRIDAY	07:00	15:00	60	kqy8CmSekgMtxMMtxQrFq	2025-10-16 09:15:43.574	2025-10-16 09:15:43.574
LBvicGrxOMpKa9gK-A7vG	MONDAY	09:00	17:00	60	1uOOE3xMo1Zs8uovoqKzZ	2025-10-16 09:15:43.574	2025-10-16 09:15:43.574
JqhXD8lbgOx1oSASnovSe	TUESDAY	09:00	17:00	60	1uOOE3xMo1Zs8uovoqKzZ	2025-10-16 09:15:43.574	2025-10-16 09:15:43.574
Oy8QJnXazsPALuywNZO0c	WEDNESDAY	09:00	17:00	60	1uOOE3xMo1Zs8uovoqKzZ	2025-10-16 09:15:43.574	2025-10-16 09:15:43.574
8_aleC9jwur6CPtv-48CJ	THURSDAY	09:00	17:00	60	1uOOE3xMo1Zs8uovoqKzZ	2025-10-16 09:15:43.575	2025-10-16 09:15:43.575
yq1cBokzEUgLt0s_QwEUQ	FRIDAY	09:00	17:00	60	1uOOE3xMo1Zs8uovoqKzZ	2025-10-16 09:15:43.575	2025-10-16 09:15:43.575
tZ_FBMT02eXDrsMwKdH5K	MONDAY	09:00	17:00	60	-vPhmkxyW9jwADSOfHRPx	2025-10-16 09:15:43.575	2025-10-16 09:15:43.575
LwzTMFl9yga-rkBR6yUMA	TUESDAY	09:00	17:00	60	-vPhmkxyW9jwADSOfHRPx	2025-10-16 09:15:43.576	2025-10-16 09:15:43.576
5Esojc6LvOQ1d6Tf_W4c5	WEDNESDAY	09:00	17:00	60	-vPhmkxyW9jwADSOfHRPx	2025-10-16 09:15:43.576	2025-10-16 09:15:43.576
dV60aM1a6Kfxd18Xbxdes	THURSDAY	09:00	17:00	60	-vPhmkxyW9jwADSOfHRPx	2025-10-16 09:15:43.576	2025-10-16 09:15:43.576
ut_5D6DrxCC-fJvewQLgz	FRIDAY	09:00	17:00	60	-vPhmkxyW9jwADSOfHRPx	2025-10-16 09:15:43.576	2025-10-16 09:15:43.576
cWsBhH0pTnJv5CiA7nyed	MONDAY	09:00	17:00	45	LJ_jn9_-mCge8nkt9W7yT	2025-10-16 09:15:43.577	2025-10-16 09:15:43.577
QCZr8b_0L8w3mluMfvgKn	TUESDAY	09:00	17:00	45	LJ_jn9_-mCge8nkt9W7yT	2025-10-16 09:15:43.577	2025-10-16 09:15:43.577
9mTqkXMzMSzv6VPWbjBnr	WEDNESDAY	09:00	17:00	45	LJ_jn9_-mCge8nkt9W7yT	2025-10-16 09:15:43.577	2025-10-16 09:15:43.577
7XOTkH_vFD5cC4VVgoqw-	THURSDAY	09:00	17:00	45	LJ_jn9_-mCge8nkt9W7yT	2025-10-16 09:15:43.577	2025-10-16 09:15:43.577
OnqSj5Qb9biLcanFhaaEo	FRIDAY	09:00	17:00	45	LJ_jn9_-mCge8nkt9W7yT	2025-10-16 09:15:43.578	2025-10-16 09:15:43.578
5Io3wqIAOhJtTRZpvgsk8	TUESDAY	09:00	18:00	60	za86jYrKW2OlOWQSlLKUV	2025-10-16 09:15:43.578	2025-10-16 09:15:43.578
WOtcn_WJgCtmDFwWijjqj	WEDNESDAY	09:00	18:00	60	za86jYrKW2OlOWQSlLKUV	2025-10-16 09:15:43.578	2025-10-16 09:15:43.578
ZE0nM5tPsEZeHCtEIxgTu	THURSDAY	09:00	18:00	60	za86jYrKW2OlOWQSlLKUV	2025-10-16 09:15:43.578	2025-10-16 09:15:43.578
_UHCM2EdO1NjtXYRljyt3	FRIDAY	09:00	18:00	60	za86jYrKW2OlOWQSlLKUV	2025-10-16 09:15:43.579	2025-10-16 09:15:43.579
182ToFQv6-SCN9gwaaOzt	SATURDAY	09:00	18:00	60	za86jYrKW2OlOWQSlLKUV	2025-10-16 09:15:43.579	2025-10-16 09:15:43.579
3Fgx5KFHPy8vzQtPHjCLr	MONDAY	09:00	18:00	90	e8TnRggSBfde0U40LCfRz	2025-10-16 09:15:43.579	2025-10-16 09:15:43.579
1stRXCXo9RpbEuJpM0ALT	TUESDAY	09:00	18:00	90	e8TnRggSBfde0U40LCfRz	2025-10-16 09:15:43.579	2025-10-16 09:15:43.579
kqeI86e3QGC0d1A0K3RKN	WEDNESDAY	09:00	18:00	90	e8TnRggSBfde0U40LCfRz	2025-10-16 09:15:43.58	2025-10-16 09:15:43.58
1RGCwz6Z-2upaCxlnyZxQ	THURSDAY	09:00	18:00	90	e8TnRggSBfde0U40LCfRz	2025-10-16 09:15:43.58	2025-10-16 09:15:43.58
IQIjVXlE9uz9ITtX7pfA5	FRIDAY	09:00	18:00	90	e8TnRggSBfde0U40LCfRz	2025-10-16 09:15:43.58	2025-10-16 09:15:43.58
ZYEjwcdj-ny1VbJdkWXdL	MONDAY	09:00	17:00	60	8SKlO_CKLYhfl472QXN8i	2025-10-16 09:15:43.581	2025-10-16 09:15:43.581
L_JTFiG3cmT0kkCBzKnKO	TUESDAY	09:00	17:00	60	8SKlO_CKLYhfl472QXN8i	2025-10-16 09:15:43.581	2025-10-16 09:15:43.581
r4nKYedGbFhNzsOM0ffBk	WEDNESDAY	09:00	17:00	60	8SKlO_CKLYhfl472QXN8i	2025-10-16 09:15:43.581	2025-10-16 09:15:43.581
WfyObtjx4RL38jX7MRIgx	THURSDAY	09:00	17:00	60	8SKlO_CKLYhfl472QXN8i	2025-10-16 09:15:43.581	2025-10-16 09:15:43.581
K9DZeOtcsiUKqMCOmiyd8	FRIDAY	09:00	17:00	60	8SKlO_CKLYhfl472QXN8i	2025-10-16 09:15:43.582	2025-10-16 09:15:43.582
GL3-sw3-FSy9eV0AKPYSE	TUESDAY	08:00	16:00	60	E7rOj1keT8_kDusBF2DVI	2025-10-16 09:15:43.582	2025-10-16 09:15:43.582
hhLBpQIu6b3-rDLXOIJSH	WEDNESDAY	08:00	16:00	60	E7rOj1keT8_kDusBF2DVI	2025-10-16 09:15:43.582	2025-10-16 09:15:43.582
FySysB4xVXcp--5SVExoc	THURSDAY	08:00	16:00	60	E7rOj1keT8_kDusBF2DVI	2025-10-16 09:15:43.583	2025-10-16 09:15:43.583
9nypVLB4xw2A-28LohmPC	FRIDAY	08:00	16:00	60	E7rOj1keT8_kDusBF2DVI	2025-10-16 09:15:43.583	2025-10-16 09:15:43.583
y9r7lfvOrsgTnl6LaFtpI	SATURDAY	08:00	16:00	60	E7rOj1keT8_kDusBF2DVI	2025-10-16 09:15:43.583	2025-10-16 09:15:43.583
TXEkjnPJQr-h5eOl3U14T	MONDAY	09:00	18:00	90	iG79KXe7wvImYGj-HPaxc	2025-10-16 09:15:43.583	2025-10-16 09:15:43.583
QsHA1mp1N2Dj37X3Zlz1g	TUESDAY	09:00	18:00	90	iG79KXe7wvImYGj-HPaxc	2025-10-16 09:15:43.584	2025-10-16 09:15:43.584
yCzmJVO_xyAlvC9ykT8MK	WEDNESDAY	09:00	18:00	90	iG79KXe7wvImYGj-HPaxc	2025-10-16 09:15:43.584	2025-10-16 09:15:43.584
RUabvszmUoIuJ35kTMC-r	THURSDAY	09:00	18:00	90	iG79KXe7wvImYGj-HPaxc	2025-10-16 09:15:43.584	2025-10-16 09:15:43.584
q0BidOudwBazsNphw57y0	FRIDAY	09:00	18:00	90	iG79KXe7wvImYGj-HPaxc	2025-10-16 09:15:43.585	2025-10-16 09:15:43.585
LbZjXXIQmP58qfe8cc-sy	MONDAY	09:00	17:00	60	a0kGn4q6l7dgVGdNxi8RT	2025-10-16 09:15:43.585	2025-10-16 09:15:43.585
TclUdaieOmy-ngreCY5To	TUESDAY	09:00	17:00	60	a0kGn4q6l7dgVGdNxi8RT	2025-10-16 09:15:43.585	2025-10-16 09:15:43.585
brziD3euEyxUPUsmIKrAB	WEDNESDAY	09:00	17:00	60	a0kGn4q6l7dgVGdNxi8RT	2025-10-16 09:15:43.585	2025-10-16 09:15:43.585
LSrUtJpogF7_9r_a-i5iZ	THURSDAY	09:00	17:00	60	a0kGn4q6l7dgVGdNxi8RT	2025-10-16 09:15:43.586	2025-10-16 09:15:43.586
Z-q6MlESkhvjh_I1p9ZNw	FRIDAY	09:00	17:00	60	a0kGn4q6l7dgVGdNxi8RT	2025-10-16 09:15:43.586	2025-10-16 09:15:43.586
zqGdgFVTFpcltttpxOHFJ	MONDAY	09:00	17:00	45	-DJWE5t_yK8Hj3VSPYmyK	2025-10-16 09:15:43.586	2025-10-16 09:15:43.586
d_anpylYWyfM1wK3IFJ2M	TUESDAY	09:00	17:00	45	-DJWE5t_yK8Hj3VSPYmyK	2025-10-16 09:15:43.587	2025-10-16 09:15:43.587
Xqow8F4B9bWbGE3Q7eOLo	WEDNESDAY	09:00	17:00	45	-DJWE5t_yK8Hj3VSPYmyK	2025-10-16 09:15:43.587	2025-10-16 09:15:43.587
fcUf0uCKmvcBZtHsovXly	THURSDAY	09:00	17:00	45	-DJWE5t_yK8Hj3VSPYmyK	2025-10-16 09:15:43.587	2025-10-16 09:15:43.587
Tsd1hTX3pgjtZwS4ZwDtG	FRIDAY	09:00	17:00	45	-DJWE5t_yK8Hj3VSPYmyK	2025-10-16 09:15:43.587	2025-10-16 09:15:43.587
ql-nvAyHZx6PaLTFSXh2W	MONDAY	10:00	18:00	60	iJCnO4IeUldYe_ZZnqIz_	2025-10-16 09:15:43.588	2025-10-16 09:15:43.588
NPpHNdNDQL3Catrs7Desd	TUESDAY	10:00	18:00	60	iJCnO4IeUldYe_ZZnqIz_	2025-10-16 09:15:43.588	2025-10-16 09:15:43.588
F8ADO5GwsJZg-g_iUHd8H	WEDNESDAY	10:00	18:00	60	iJCnO4IeUldYe_ZZnqIz_	2025-10-16 09:15:43.588	2025-10-16 09:15:43.588
AMY9Y7rswuvqEoi7KzSwQ	THURSDAY	10:00	18:00	60	iJCnO4IeUldYe_ZZnqIz_	2025-10-16 09:15:43.588	2025-10-16 09:15:43.588
U9Pr5QGoe8MAgCeIvb2Hb	FRIDAY	10:00	18:00	60	iJCnO4IeUldYe_ZZnqIz_	2025-10-16 09:15:43.589	2025-10-16 09:15:43.589
PK557ToBVYEF9zmr47K-0	MONDAY	09:00	17:00	60	QiliC-ybAyfe2TDm_tcQ-	2025-10-16 09:15:43.589	2025-10-16 09:15:43.589
rNM6zdoIqLnasjxGxLWe4	TUESDAY	09:00	17:00	60	QiliC-ybAyfe2TDm_tcQ-	2025-10-16 09:15:43.589	2025-10-16 09:15:43.589
M5fF7y_3f5HTOvuNneAjG	WEDNESDAY	09:00	17:00	60	QiliC-ybAyfe2TDm_tcQ-	2025-10-16 09:15:43.59	2025-10-16 09:15:43.59
lz2v0WgbZ1VFyUTZ0j0_P	THURSDAY	09:00	17:00	60	QiliC-ybAyfe2TDm_tcQ-	2025-10-16 09:15:43.59	2025-10-16 09:15:43.59
nF8RKyyKCmJ6N-8wY5YG5	FRIDAY	09:00	17:00	60	QiliC-ybAyfe2TDm_tcQ-	2025-10-16 09:15:43.59	2025-10-16 09:15:43.59
eKhjH7xFtvb8iGkIOYPTV	MONDAY	08:30	16:30	60	YxCgGmad3t20bOQKyZO-S	2025-10-16 09:15:43.591	2025-10-16 09:15:43.591
_j59h8x7Fp7GEDagWc59s	TUESDAY	08:30	16:30	60	YxCgGmad3t20bOQKyZO-S	2025-10-16 09:15:43.591	2025-10-16 09:15:43.591
G6ZoXmMn9R6paDgLuGlNZ	WEDNESDAY	08:30	16:30	60	YxCgGmad3t20bOQKyZO-S	2025-10-16 09:15:43.591	2025-10-16 09:15:43.591
LNTZwMxvJ5qtRNSZlH0x0	THURSDAY	08:30	16:30	60	YxCgGmad3t20bOQKyZO-S	2025-10-16 09:15:43.591	2025-10-16 09:15:43.591
-mCq_F75I9r2GH0dp1sXf	FRIDAY	08:30	16:30	60	YxCgGmad3t20bOQKyZO-S	2025-10-16 09:15:43.592	2025-10-16 09:15:43.592
HOm5vYtvwKyIgmKPeO2OC	MONDAY	09:00	17:00	60	bchw2BaQl3Ry2MRk7NF06	2025-10-16 09:15:43.592	2025-10-16 09:15:43.592
xhD-_0zoWXK7eWlXZ18yn	TUESDAY	09:00	17:00	60	bchw2BaQl3Ry2MRk7NF06	2025-10-16 09:15:43.592	2025-10-16 09:15:43.592
o43z73t-TJ6ANYIjSWxVX	WEDNESDAY	09:00	17:00	60	bchw2BaQl3Ry2MRk7NF06	2025-10-16 09:15:43.592	2025-10-16 09:15:43.592
eeY7haqOeKG3wM6RpcYO_	THURSDAY	09:00	17:00	60	bchw2BaQl3Ry2MRk7NF06	2025-10-16 09:15:43.593	2025-10-16 09:15:43.593
ateaZh68FHzEPfAQqvG5T	FRIDAY	09:00	17:00	60	bchw2BaQl3Ry2MRk7NF06	2025-10-16 09:15:43.593	2025-10-16 09:15:43.593
0NqlxiScIcCeM0iyHAgot	MONDAY	10:00	18:00	60	nJqfbPWVWf2QaCgOnq4-C	2025-10-16 09:15:43.593	2025-10-16 09:15:43.593
_VtbwvCpDPsagsDLRkjuZ	TUESDAY	10:00	18:00	60	nJqfbPWVWf2QaCgOnq4-C	2025-10-16 09:15:43.593	2025-10-16 09:15:43.593
TR1PPkONVOvt1DZA5atQp	WEDNESDAY	10:00	18:00	60	nJqfbPWVWf2QaCgOnq4-C	2025-10-16 09:15:43.594	2025-10-16 09:15:43.594
TjWIqADIuNSSaB6MTDCL-	THURSDAY	10:00	18:00	60	nJqfbPWVWf2QaCgOnq4-C	2025-10-16 09:15:43.594	2025-10-16 09:15:43.594
XpDj_VgFoOXUZff-yaL-u	FRIDAY	10:00	18:00	60	nJqfbPWVWf2QaCgOnq4-C	2025-10-16 09:15:43.594	2025-10-16 09:15:43.594
wlrapDV7Clz1s_BQkvVRc	TUESDAY	09:00	18:00	60	1Mxi2FDUbCdQSkIBbmRAj	2025-10-16 09:15:43.595	2025-10-16 09:15:43.595
VmVQN-h7x_K_Pv0VyhdMK	WEDNESDAY	09:00	18:00	60	1Mxi2FDUbCdQSkIBbmRAj	2025-10-16 09:15:43.595	2025-10-16 09:15:43.595
ZTpXQuQmfoUJeioq_0WZe	THURSDAY	09:00	18:00	60	1Mxi2FDUbCdQSkIBbmRAj	2025-10-16 09:15:43.595	2025-10-16 09:15:43.595
85QDM8iQug2CDVCea8LPu	FRIDAY	09:00	18:00	60	1Mxi2FDUbCdQSkIBbmRAj	2025-10-16 09:15:43.595	2025-10-16 09:15:43.595
wx_FRlV2-gvIbi3rX7YqP	SATURDAY	09:00	18:00	60	1Mxi2FDUbCdQSkIBbmRAj	2025-10-16 09:15:43.596	2025-10-16 09:15:43.596
8uF6awHay0fmLA2uSQrf2	TUESDAY	08:00	16:00	60	QnG-zL_JOcUgW7vh1aX_v	2025-10-16 09:15:43.596	2025-10-16 09:15:43.596
3tK8Hnh-6fHomAe8P2RsU	WEDNESDAY	08:00	16:00	60	QnG-zL_JOcUgW7vh1aX_v	2025-10-16 09:15:43.596	2025-10-16 09:15:43.596
MQXFk9BIjYx3zao8Eb6nX	THURSDAY	08:00	16:00	60	QnG-zL_JOcUgW7vh1aX_v	2025-10-16 09:15:43.596	2025-10-16 09:15:43.596
tZ24O_5UxJvLsb8_aWwfD	FRIDAY	08:00	16:00	60	QnG-zL_JOcUgW7vh1aX_v	2025-10-16 09:15:43.597	2025-10-16 09:15:43.597
ogCcq4vRqI5ouYx3qhkMF	SATURDAY	08:00	16:00	60	QnG-zL_JOcUgW7vh1aX_v	2025-10-16 09:15:43.597	2025-10-16 09:15:43.597
LvPnWcBp6vHV3tfEE3ETk	MONDAY	09:00	17:00	60	E4q6sAnLMAUdQd68Q94DV	2025-10-16 09:15:43.597	2025-10-16 09:15:43.597
ULFlstRB_8c2V7A1mSHR1	TUESDAY	09:00	17:00	60	E4q6sAnLMAUdQd68Q94DV	2025-10-16 09:15:43.597	2025-10-16 09:15:43.597
0BAcc6I71we_8wAtfn0HA	WEDNESDAY	09:00	17:00	60	E4q6sAnLMAUdQd68Q94DV	2025-10-16 09:15:43.598	2025-10-16 09:15:43.598
DJR0tMZFqs8HxoWnADkHK	THURSDAY	09:00	17:00	60	E4q6sAnLMAUdQd68Q94DV	2025-10-16 09:15:43.598	2025-10-16 09:15:43.598
Hpi6K4PCt_IWu-GYiocDQ	FRIDAY	09:00	17:00	60	E4q6sAnLMAUdQd68Q94DV	2025-10-16 09:15:43.598	2025-10-16 09:15:43.598
CRR-zzAF3fECaGymS74iw	MONDAY	09:00	18:00	90	1fhfHSlPj45IeqpvT-4UK	2025-10-16 09:15:43.599	2025-10-16 09:15:43.599
hAGkPJmb1GR2zscfnfX4T	TUESDAY	09:00	18:00	90	1fhfHSlPj45IeqpvT-4UK	2025-10-16 09:15:43.599	2025-10-16 09:15:43.599
aHisHM-WWyVi1WfEdoBqC	WEDNESDAY	09:00	18:00	90	1fhfHSlPj45IeqpvT-4UK	2025-10-16 09:15:43.599	2025-10-16 09:15:43.599
CiJuNcV4THp3hTHCnu4lL	THURSDAY	09:00	18:00	90	1fhfHSlPj45IeqpvT-4UK	2025-10-16 09:15:43.6	2025-10-16 09:15:43.6
-xVwPexX6wr6-AtQ1rVxf	FRIDAY	09:00	18:00	90	1fhfHSlPj45IeqpvT-4UK	2025-10-16 09:15:43.6	2025-10-16 09:15:43.6
zYNgHR8IdpP3SsXM5i90q	MONDAY	10:00	19:00	90	PqcyXdKP0lERFqeCVU794	2025-10-16 09:15:43.6	2025-10-16 09:15:43.6
LmDw8bXWPJwClJmgvUXzY	TUESDAY	10:00	19:00	90	PqcyXdKP0lERFqeCVU794	2025-10-16 09:15:43.6	2025-10-16 09:15:43.6
VhDXBRAJKxOg5ohu88_j-	WEDNESDAY	10:00	19:00	90	PqcyXdKP0lERFqeCVU794	2025-10-16 09:15:43.601	2025-10-16 09:15:43.601
H1SzWIoDXAq3uwxfaSQ2H	THURSDAY	10:00	19:00	90	PqcyXdKP0lERFqeCVU794	2025-10-16 09:15:43.601	2025-10-16 09:15:43.601
8czNZHiGVQaRt4-K04_u-	FRIDAY	10:00	19:00	90	PqcyXdKP0lERFqeCVU794	2025-10-16 09:15:43.601	2025-10-16 09:15:43.601
hFk8UFDpEflR8miyZGVxr	TUESDAY	09:00	18:00	60	PNRAC8DZsuKdEu1opo3ak	2025-10-16 09:15:43.601	2025-10-16 09:15:43.601
xkESDjHiWVXUdpTqiCg-V	WEDNESDAY	09:00	18:00	60	PNRAC8DZsuKdEu1opo3ak	2025-10-16 09:15:43.602	2025-10-16 09:15:43.602
udqKP7hhc5zxznkoC83rl	THURSDAY	09:00	18:00	60	PNRAC8DZsuKdEu1opo3ak	2025-10-16 09:15:43.602	2025-10-16 09:15:43.602
R77UIMP8yj90iWH7TgNcm	FRIDAY	09:00	18:00	60	PNRAC8DZsuKdEu1opo3ak	2025-10-16 09:15:43.602	2025-10-16 09:15:43.602
o2ois0d63wgmq9gXCB1Qc	SATURDAY	09:00	18:00	60	PNRAC8DZsuKdEu1opo3ak	2025-10-16 09:15:43.602	2025-10-16 09:15:43.602
YoyQqIH8F3jQprq9diOj3	MONDAY	09:00	17:00	60	A5juSusHCGD9Dkrbgwkki	2025-10-16 09:15:43.603	2025-10-16 09:15:43.603
8AFPLeFxGA-att20-7Qpl	TUESDAY	09:00	17:00	60	A5juSusHCGD9Dkrbgwkki	2025-10-16 09:15:43.603	2025-10-16 09:15:43.603
UCNooEwmhl9QKPE8GfBrV	WEDNESDAY	09:00	17:00	60	A5juSusHCGD9Dkrbgwkki	2025-10-16 09:15:43.603	2025-10-16 09:15:43.603
Btucfe5Yzjcp4_0Ea_qJ4	THURSDAY	09:00	17:00	60	A5juSusHCGD9Dkrbgwkki	2025-10-16 09:15:43.604	2025-10-16 09:15:43.604
kODzVVdE2oZv-n68pPAQP	FRIDAY	09:00	17:00	60	A5juSusHCGD9Dkrbgwkki	2025-10-16 09:15:43.604	2025-10-16 09:15:43.604
Spf24WUL1a0M-YXcwUnp_	MONDAY	10:00	18:00	60	5ANvglSKl7osgmZKw4Toq	2025-10-16 09:15:43.604	2025-10-16 09:15:43.604
YMt3RT_5Li3noxfAuYRVH	TUESDAY	10:00	18:00	60	5ANvglSKl7osgmZKw4Toq	2025-10-16 09:15:43.604	2025-10-16 09:15:43.604
qn0RFsqaDDZ0kkunokaTS	WEDNESDAY	10:00	18:00	60	5ANvglSKl7osgmZKw4Toq	2025-10-16 09:15:43.605	2025-10-16 09:15:43.605
z2FUqMS067SDIQasT7sWH	THURSDAY	10:00	18:00	60	5ANvglSKl7osgmZKw4Toq	2025-10-16 09:15:43.605	2025-10-16 09:15:43.605
SJKUNOlSLduS3CymhC32v	FRIDAY	10:00	18:00	60	5ANvglSKl7osgmZKw4Toq	2025-10-16 09:15:43.605	2025-10-16 09:15:43.605
dVM5jSxmvQzUQMSZImWTL	MONDAY	09:00	18:00	90	5dNdxyBUFHvhTOIbhbD9j	2025-10-16 09:15:43.605	2025-10-16 09:15:43.605
ikvcLeOd6Se6Xgry2feVA	TUESDAY	09:00	18:00	90	5dNdxyBUFHvhTOIbhbD9j	2025-10-16 09:15:43.606	2025-10-16 09:15:43.606
akBc5qqCwkUSaghZVm4Nr	WEDNESDAY	09:00	18:00	90	5dNdxyBUFHvhTOIbhbD9j	2025-10-16 09:15:43.606	2025-10-16 09:15:43.606
NR4JJQye25K_llNLWo3J0	THURSDAY	09:00	18:00	90	5dNdxyBUFHvhTOIbhbD9j	2025-10-16 09:15:43.606	2025-10-16 09:15:43.606
rowUOnkwGaVM-23Mdg463	FRIDAY	09:00	18:00	90	5dNdxyBUFHvhTOIbhbD9j	2025-10-16 09:15:43.606	2025-10-16 09:15:43.606
aJ8PQEG7nFOkjDqyQ0pnD	MONDAY	08:00	17:00	90	my_ZDnMQakY0PWYSpEqAp	2025-10-16 09:15:43.607	2025-10-16 09:15:43.607
Sdt165S7SO7Do5hbz0wVG	TUESDAY	08:00	17:00	90	my_ZDnMQakY0PWYSpEqAp	2025-10-16 09:15:43.607	2025-10-16 09:15:43.607
Yt2Bpp62t4FK_raK0hctc	WEDNESDAY	08:00	17:00	90	my_ZDnMQakY0PWYSpEqAp	2025-10-16 09:15:43.607	2025-10-16 09:15:43.607
8qCfluKylTIMD4I-x1dBS	THURSDAY	08:00	17:00	90	my_ZDnMQakY0PWYSpEqAp	2025-10-16 09:15:43.607	2025-10-16 09:15:43.607
vLzXaaUh3JWkWalkMdkAR	FRIDAY	08:00	17:00	90	my_ZDnMQakY0PWYSpEqAp	2025-10-16 09:15:43.608	2025-10-16 09:15:43.608
u-R-dO3uReQgNJG0vHT49	MONDAY	08:00	16:00	60	njkzXrRk3A1mWceTZMmwc	2025-10-16 09:15:43.608	2025-10-16 09:15:43.608
rhW9YMEJYTpeK9fy_ZmgW	TUESDAY	08:00	16:00	60	njkzXrRk3A1mWceTZMmwc	2025-10-16 09:15:43.608	2025-10-16 09:15:43.608
NRGVqssb2BGXgeQhQPt1m	WEDNESDAY	08:00	16:00	60	njkzXrRk3A1mWceTZMmwc	2025-10-16 09:15:43.609	2025-10-16 09:15:43.609
tSpfCS440LSCrQ1vAA012	THURSDAY	08:00	16:00	60	njkzXrRk3A1mWceTZMmwc	2025-10-16 09:15:43.609	2025-10-16 09:15:43.609
nEgphKBVlh6ZER3dDsIBs	FRIDAY	08:00	16:00	60	njkzXrRk3A1mWceTZMmwc	2025-10-16 09:15:43.609	2025-10-16 09:15:43.609
yZeGzYPnrBbjBGEeYii5c	MONDAY	08:00	16:00	60	6x9k30JfoEbrHMwevSQcx	2025-10-16 09:15:43.609	2025-10-16 09:15:43.609
3N4Zgo4-0qzHyd_BTNlX_	TUESDAY	08:00	16:00	60	6x9k30JfoEbrHMwevSQcx	2025-10-16 09:15:43.61	2025-10-16 09:15:43.61
u-LwxJH-qIJhxU1C1TvW2	WEDNESDAY	08:00	16:00	60	6x9k30JfoEbrHMwevSQcx	2025-10-16 09:15:43.61	2025-10-16 09:15:43.61
5wGSqr74RL6frEfg5IKXQ	THURSDAY	08:00	16:00	60	6x9k30JfoEbrHMwevSQcx	2025-10-16 09:15:43.61	2025-10-16 09:15:43.61
MuONDa9EmYJHIfilfGgrM	FRIDAY	08:00	16:00	60	6x9k30JfoEbrHMwevSQcx	2025-10-16 09:15:43.611	2025-10-16 09:15:43.611
jsuUMTDzdh0y9uwHlz2iR	MONDAY	08:00	17:00	90	Y0Kbw5dHxqZNS4lJsrTbk	2025-10-16 09:15:43.611	2025-10-16 09:15:43.611
bNSlGtV79xdpYuBT1R9zu	TUESDAY	08:00	17:00	90	Y0Kbw5dHxqZNS4lJsrTbk	2025-10-16 09:15:43.611	2025-10-16 09:15:43.611
3Hd5EBaZLUAGPrBNPzwef	WEDNESDAY	08:00	17:00	90	Y0Kbw5dHxqZNS4lJsrTbk	2025-10-16 09:15:43.612	2025-10-16 09:15:43.612
UTqegWxIr8yyEH20tKdbi	THURSDAY	08:00	17:00	90	Y0Kbw5dHxqZNS4lJsrTbk	2025-10-16 09:15:43.612	2025-10-16 09:15:43.612
U7N3IeUi0p_AKIECZEd4j	FRIDAY	08:00	17:00	90	Y0Kbw5dHxqZNS4lJsrTbk	2025-10-16 09:15:43.612	2025-10-16 09:15:43.612
LHIhZuicyScBK6AYkDiZx	MONDAY	09:00	17:00	60	kjbWtC52qyvyiohy9I3Wm	2025-10-16 09:15:43.612	2025-10-16 09:15:43.612
LfGo_wzRf6f_UUg2mvJVP	TUESDAY	09:00	17:00	60	kjbWtC52qyvyiohy9I3Wm	2025-10-16 09:15:43.613	2025-10-16 09:15:43.613
-4gNIwD81IKS4b19y9Una	WEDNESDAY	09:00	17:00	60	kjbWtC52qyvyiohy9I3Wm	2025-10-16 09:15:43.613	2025-10-16 09:15:43.613
IPqlFVUls9uKnJ0tu5T9m	THURSDAY	09:00	17:00	60	kjbWtC52qyvyiohy9I3Wm	2025-10-16 09:15:43.613	2025-10-16 09:15:43.613
26OXAT5PPRG1dur0KUpYh	FRIDAY	09:00	17:00	60	kjbWtC52qyvyiohy9I3Wm	2025-10-16 09:15:43.614	2025-10-16 09:15:43.614
\.


--
-- Data for Name: Leave; Type: TABLE DATA; Schema: public; Owner: postgres
--

COPY public."Leave" (id, "leaveType", status, "startDate", "endDate", "employeeId", "createdAt", "updatedAt") FROM stdin;
zm0on_P_Bk4qyGMv-yrgK	CP	APPROVED	2025-07-15 00:00:00	2025-07-31 00:00:00	1R67ZaOp7_0Qxpex8ysY4	2025-10-16 09:15:43.614	2025-10-16 09:15:43.614
4TIEPc9uUDPyEdxeHAff3	RTT	APPROVED	2025-11-04 00:00:00	2025-11-04 00:00:00	KnBpkerxGNRzy0W-NFuVy	2025-10-16 09:15:43.616	2025-10-16 09:15:43.616
u8bu-aMGdrCc9v_sjHvca	CP	PENDING	2025-12-20 00:00:00	2026-01-05 00:00:00	LTi8dH8ZTQSa_2-N3LZ93	2025-10-16 09:15:43.616	2025-10-16 09:15:43.616
isynwtPfl3pkx-ZBnd1EK	MALADIE	APPROVED	2025-09-10 00:00:00	2025-09-12 00:00:00	J5kAEVLG07ICow-NJB5X-	2025-10-16 09:15:43.617	2025-10-16 09:15:43.617
cI7R8qzQ6qDmLDXyVY7Uu	SANS_SOLDE	PENDING	2025-11-15 00:00:00	2025-11-22 00:00:00	L5bqgskH74PUnZg1CN4N3	2025-10-16 09:15:43.618	2025-10-16 09:15:43.618
D2DikZctgnlL32ySv0b4N	RTT	APPROVED	2025-10-31 00:00:00	2025-10-31 00:00:00	d6rlQQwMOftspFzQA3WrY	2025-10-16 09:15:43.619	2025-10-16 09:15:43.619
nXIQ8dmOsDUOQblv9gTPV	CP	REJECTED	2025-08-01 00:00:00	2025-08-15 00:00:00	aHzIm4U9qakEI902hWLWA	2025-10-16 09:15:43.619	2025-10-16 09:15:43.619
\.


--
-- Data for Name: Schedule; Type: TABLE DATA; Schema: public; Owner: postgres
--

COPY public."Schedule" (id, "startDate", "endDate", "contractId", "createdAt", "updatedAt") FROM stdin;
OART7lBNemRzmjiUCYU0w	2020-01-15 00:00:00	2022-08-31 00:00:00	dPBXEv2QA5_7fXIBynjND	2025-10-16 09:15:43.54	2025-10-16 09:15:43.54
OqWoD-WOjo0sv3sr45Vqg	2022-09-01 00:00:00	2024-05-31 00:00:00	dPBXEv2QA5_7fXIBynjND	2025-10-16 09:15:43.54	2025-10-16 09:15:43.54
dYQe9kdSnz0Ijl9ktfCS9	2024-06-01 00:00:00	\N	dPBXEv2QA5_7fXIBynjND	2025-10-16 09:15:43.541	2025-10-16 09:15:43.541
bchw2BaQl3Ry2MRk7NF06	2023-06-01 00:00:00	2024-11-30 00:00:00	DP0kbF2urQFoR-GJT4h2b	2025-10-16 09:15:43.541	2025-10-16 09:15:43.541
nJqfbPWVWf2QaCgOnq4-C	2024-12-01 00:00:00	\N	DP0kbF2urQFoR-GJT4h2b	2025-10-16 09:15:43.541	2025-10-16 09:15:43.541
6x9k30JfoEbrHMwevSQcx	2020-03-01 00:00:00	2021-02-28 00:00:00	CoAS7-7U2BkoOUlwaDhXs	2025-10-16 09:15:43.542	2025-10-16 09:15:43.542
Y0Kbw5dHxqZNS4lJsrTbk	2021-03-01 00:00:00	2023-08-31 00:00:00	QxA4-vmoBmDfO35WOKhJY	2025-10-16 09:15:43.542	2025-10-16 09:15:43.542
kjbWtC52qyvyiohy9I3Wm	2023-09-01 00:00:00	\N	QxA4-vmoBmDfO35WOKhJY	2025-10-16 09:15:43.542	2025-10-16 09:15:43.542
1Mxi2FDUbCdQSkIBbmRAj	2020-03-01 00:00:00	2020-08-31 00:00:00	qjMiQuNyOmvYY2_OcgCRl	2025-10-16 09:15:43.543	2025-10-16 09:15:43.543
QnG-zL_JOcUgW7vh1aX_v	2020-09-01 00:00:00	2021-08-31 00:00:00	HgzqZ-2OwxrdIndN3HCE2	2025-10-16 09:15:43.543	2025-10-16 09:15:43.543
E4q6sAnLMAUdQd68Q94DV	2021-09-01 00:00:00	2023-02-28 00:00:00	dAdtRsoyD2Rt00ge1aQB9	2025-10-16 09:15:43.543	2025-10-16 09:15:43.543
1fhfHSlPj45IeqpvT-4UK	2023-03-01 00:00:00	2024-08-31 00:00:00	dAdtRsoyD2Rt00ge1aQB9	2025-10-16 09:15:43.544	2025-10-16 09:15:43.544
PqcyXdKP0lERFqeCVU794	2024-09-01 00:00:00	\N	dAdtRsoyD2Rt00ge1aQB9	2025-10-16 09:15:43.544	2025-10-16 09:15:43.544
-vPhmkxyW9jwADSOfHRPx	2024-01-10 00:00:00	2025-06-30 00:00:00	6h-VwmmVUUqZkohMa2-j7	2025-10-16 09:15:43.544	2025-10-16 09:15:43.544
LJ_jn9_-mCge8nkt9W7yT	2025-07-01 00:00:00	\N	6h-VwmmVUUqZkohMa2-j7	2025-10-16 09:15:43.545	2025-10-16 09:15:43.545
iJCnO4IeUldYe_ZZnqIz_	2021-12-01 00:00:00	2022-05-31 00:00:00	7N-cSbIJE7kVNoRufU3yS	2025-10-16 09:15:43.545	2025-10-16 09:15:43.545
QiliC-ybAyfe2TDm_tcQ-	2022-06-01 00:00:00	2024-05-31 00:00:00	i5AOv7O3A-xCwUTiUl3sY	2025-10-16 09:15:43.545	2025-10-16 09:15:43.545
YxCgGmad3t20bOQKyZO-S	2024-06-01 00:00:00	\N	i5AOv7O3A-xCwUTiUl3sY	2025-10-16 09:15:43.546	2025-10-16 09:15:43.546
aWwKReXg1WJlM86KB5pAC	2021-02-14 00:00:00	2022-02-13 00:00:00	C2muhXNwgIkrhmaTq3mYX	2025-10-16 09:15:43.546	2025-10-16 09:15:43.546
8-mrWitVk3uG97fX4qQvZ	2022-02-14 00:00:00	2023-09-30 00:00:00	6ejG6qnbPi1wqv2rKD-pg	2025-10-16 09:15:43.546	2025-10-16 09:15:43.546
kqy8CmSekgMtxMMtxQrFq	2023-10-01 00:00:00	2025-03-31 00:00:00	6ejG6qnbPi1wqv2rKD-pg	2025-10-16 09:15:43.546	2025-10-16 09:15:43.546
1uOOE3xMo1Zs8uovoqKzZ	2025-04-01 00:00:00	\N	6ejG6qnbPi1wqv2rKD-pg	2025-10-16 09:15:43.547	2025-10-16 09:15:43.547
za86jYrKW2OlOWQSlLKUV	2021-01-09 00:00:00	2023-01-08 00:00:00	JmmIL3JtJmIIQwNg_7Bbo	2025-10-16 09:15:43.547	2025-10-16 09:15:43.547
e8TnRggSBfde0U40LCfRz	2023-01-09 00:00:00	2024-12-31 00:00:00	eSYBvB_SRwZgeLBj3AP_K	2025-10-16 09:15:43.547	2025-10-16 09:15:43.547
8SKlO_CKLYhfl472QXN8i	2025-01-01 00:00:00	\N	eSYBvB_SRwZgeLBj3AP_K	2025-10-16 09:15:43.548	2025-10-16 09:15:43.548
iG79KXe7wvImYGj-HPaxc	2022-11-22 00:00:00	2023-05-21 00:00:00	iRZ7CMqkICbniUSTr87s2	2025-10-16 09:15:43.548	2025-10-16 09:15:43.548
a0kGn4q6l7dgVGdNxi8RT	2023-05-22 00:00:00	2024-09-30 00:00:00	HGc_8TZQoa8moQm6-tSFh	2025-10-16 09:15:43.548	2025-10-16 09:15:43.548
-DJWE5t_yK8Hj3VSPYmyK	2024-10-01 00:00:00	\N	HGc_8TZQoa8moQm6-tSFh	2025-10-16 09:15:43.549	2025-10-16 09:15:43.549
5ANvglSKl7osgmZKw4Toq	2023-09-11 00:00:00	2023-12-10 00:00:00	aURRTHqy7IjrvCE4eCRJ6	2025-10-16 09:15:43.549	2025-10-16 09:15:43.549
5dNdxyBUFHvhTOIbhbD9j	2023-12-11 00:00:00	2024-03-10 00:00:00	yOtHkEnhFcPJAhJ4B8ao4	2025-10-16 09:15:43.549	2025-10-16 09:15:43.549
my_ZDnMQakY0PWYSpEqAp	2024-03-11 00:00:00	2025-02-28 00:00:00	_Z5BQPiQMyXa2CwoafSiA	2025-10-16 09:15:43.549	2025-10-16 09:15:43.549
njkzXrRk3A1mWceTZMmwc	2025-03-01 00:00:00	\N	_Z5BQPiQMyXa2CwoafSiA	2025-10-16 09:15:43.55	2025-10-16 09:15:43.55
wqCj84SXUNdOAaChOIA0I	2024-04-01 00:00:00	2024-09-30 00:00:00	ppf_S9tK5C_Usy8lIS1x4	2025-10-16 09:15:43.55	2025-10-16 09:15:43.55
sA0-8y9QoTSOA4RAbnyVP	2024-10-01 00:00:00	2025-05-31 00:00:00	UnhOrGfFbLhDxXkPldPEA	2025-10-16 09:15:43.55	2025-10-16 09:15:43.55
YiPmZf6xaGJg9EgoYFlU7	2025-06-01 00:00:00	\N	UnhOrGfFbLhDxXkPldPEA	2025-10-16 09:15:43.551	2025-10-16 09:15:43.551
nrcF3_4mABf5rCl9Fd51g	2024-09-15 00:00:00	2025-03-14 00:00:00	o6KXlAHwUd5Bqt9SdKDpp	2025-10-16 09:15:43.551	2025-10-16 09:15:43.551
5_mlQ2qbjSzm7fRQZPih6	2025-03-15 00:00:00	\N	o6KXlAHwUd5Bqt9SdKDpp	2025-10-16 09:15:43.551	2025-10-16 09:15:43.551
Uctl2AwAARdIAzSDbxhaY	2025-01-02 00:00:00	\N	7ekjnT1VLvt8zHOxdxK82	2025-10-16 09:15:43.551	2025-10-16 09:15:43.551
PNRAC8DZsuKdEu1opo3ak	2025-02-17 00:00:00	2025-08-16 00:00:00	t2awLfpg5h4x5qQO9Kncl	2025-10-16 09:15:43.552	2025-10-16 09:15:43.552
A5juSusHCGD9Dkrbgwkki	2025-08-17 00:00:00	\N	t2awLfpg5h4x5qQO9Kncl	2025-10-16 09:15:43.552	2025-10-16 09:15:43.552
E7rOj1keT8_kDusBF2DVI	2025-08-01 00:00:00	\N	Q1GtjOqMQl6xrV53NrWaB	2025-10-16 09:15:43.552	2025-10-16 09:15:43.552
MVmRiwL-UNYN7VICnEXpo	2025-04-01 00:00:00	\N	88xuvYq0-XPVHcB7jkR41	2025-10-16 09:15:43.553	2025-10-16 09:15:43.553
\.


--
-- Data for Name: Session; Type: TABLE DATA; Schema: public; Owner: postgres
--

COPY public."Session" (id, token, "expiresAt", "ipAddress", "userAgent", "userId", "createdAt", "updatedAt") FROM stdin;
\.


--
-- Data for Name: Task; Type: TABLE DATA; Schema: public; Owner: postgres
--

COPY public."Task" (id, title, slug, status, "authorId", "createdAt", "updatedAt") FROM stdin;
GRmjIClGnROtrblulZxWj	Cuisiner avec des ingrdients de saison	cuisiner-avec-des-ingredients-de-saison	DONE	a_y5D29tWhiQtddUYue5M	2025-10-16 09:15:43.708	2025-10-16 09:15:43.708
fkVN-clHgnDcw1l5_nyRJ	Installer les panneaux solaires	installer-les-panneaux-solaires	DONE	a_y5D29tWhiQtddUYue5M	2025-10-16 09:15:43.709	2025-10-16 09:15:43.709
2l7FqT2oeXkuaoyOExYJo	Composter les dchets organiques	composter-les-dechets-organiques	DONE	pamX5kHUGaqHVMap99wtG	2025-10-16 09:15:43.71	2025-10-16 09:15:43.71
E__EIJnyAP8AyAM5aij9A	Arroser le basilic	arroser-le-basilic	IN_PROGRESS	a_y5D29tWhiQtddUYue5M	2025-10-16 09:15:43.711	2025-10-16 09:15:43.711
O7prGZlIKxt9YqSEi2H4s	Rduire son empreinte carbone	reduire-son-empreinte-carbone	IN_PROGRESS	pamX5kHUGaqHVMap99wtG	2025-10-16 09:15:43.712	2025-10-16 09:15:43.712
P7YrM5ILtED37bHu1PWBx	Apprendre le jardinage biologique	apprendre-le-jardinage-biologique	IN_PROGRESS	a_y5D29tWhiQtddUYue5M	2025-10-16 09:15:43.712	2025-10-16 09:15:43.712
D7uDaQtD-XZjJA4tDEXpf	Construire une cabane en bois	construire-une-cabane-en-bois	TODO	a_y5D29tWhiQtddUYue5M	2025-10-16 09:15:43.713	2025-10-16 09:15:43.713
779KENjkHFvwSLdiEC4JQ	Aller au march local	aller-au-marche-local	TODO	pamX5kHUGaqHVMap99wtG	2025-10-16 09:15:43.714	2025-10-16 09:15:43.714
NEJGa6tadgws65tRtpuZv	Crer un potager urbain	creer-un-potager-urbain	TODO	pamX5kHUGaqHVMap99wtG	2025-10-16 09:15:43.714	2025-10-16 09:15:43.714
\.


--
-- Data for Name: User; Type: TABLE DATA; Schema: public; Owner: postgres
--

COPY public."User" (id, name, lastname, email, "emailVerified", image, role, "createdAt", "updatedAt") FROM stdin;
a_y5D29tWhiQtddUYue5M	Sophie	Durand	admin@example.com	t	\N	ADMIN	2025-10-16 09:15:43.486	2025-10-16 09:15:43.486
QgLoZi_eIlUfY6g6cMG_m	Manager	Generic	manager@example.com	t	\N	MANAGER	2025-10-16 09:15:43.49	2025-10-16 09:15:43.49
JD2IX5JHw_klhUEveh6bv	Thomas	Martin	thomas.martin@example.com	t	\N	MANAGER	2025-10-16 09:15:43.491	2025-10-16 09:15:43.491
LTi8dH8ZTQSa_2-N3LZ93	Marie	Bernard	marie.bernard@example.com	t	\N	MANAGER	2025-10-16 09:15:43.493	2025-10-16 09:15:43.493
pamX5kHUGaqHVMap99wtG	Employee	Generic	employee@example.com	t	\N	EMPLOYEE	2025-10-16 09:15:43.495	2025-10-16 09:15:43.495
1R67ZaOp7_0Qxpex8ysY4	Lucas	Petit	lucas.petit@example.com	t	\N	EMPLOYEE	2025-10-16 09:15:43.496	2025-10-16 09:15:43.496
KnBpkerxGNRzy0W-NFuVy	Emma	Dubois	emma.dubois@example.com	t	\N	EMPLOYEE	2025-10-16 09:15:43.498	2025-10-16 09:15:43.498
J5kAEVLG07ICow-NJB5X-	Hugo	Moreau	hugo.moreau@example.com	t	\N	EMPLOYEE	2025-10-16 09:15:43.5	2025-10-16 09:15:43.5
d6rlQQwMOftspFzQA3WrY	La	Simon	lea.simon@example.com	t	\N	EMPLOYEE	2025-10-16 09:15:43.501	2025-10-16 09:15:43.501
UUdbmlVsjVUxFYbMSk_Lc	Nathan	Laurent	nathan.laurent@example.com	t	\N	EMPLOYEE	2025-10-16 09:15:43.503	2025-10-16 09:15:43.503
0IjnD_cbRUp2ZnpGdPJD8	Chlo	Lefebvre	chloe.lefebvre@example.com	t	\N	EMPLOYEE	2025-10-16 09:15:43.504	2025-10-16 09:15:43.504
L5bqgskH74PUnZg1CN4N3	Antoine	Roux	antoine.roux@example.com	t	\N	EMPLOYEE	2025-10-16 09:15:43.505	2025-10-16 09:15:43.505
aHzIm4U9qakEI902hWLWA	Camille	Garnier	camille.garnier@example.com	t	\N	EMPLOYEE	2025-10-16 09:15:43.507	2025-10-16 09:15:43.507
oNNZqrK9mvesYNZxYowJb	Maxime	Faure	maxime.faure@example.com	t	\N	EMPLOYEE	2025-10-16 09:15:43.508	2025-10-16 09:15:43.508
D2--gaqEpa3uxu34w8Rfe	Julie	Bonnet	julie.bonnet@example.com	t	\N	EMPLOYEE	2025-10-16 09:15:43.513	2025-10-16 09:15:43.513
MVGtPEKGDmpUiytNWK0Hy	Alexandre	Rousseau	alexandre.rousseau@example.com	t	\N	EMPLOYEE	2025-10-16 09:15:43.514	2025-10-16 09:15:43.514
\.


--
-- Data for Name: Verification; Type: TABLE DATA; Schema: public; Owner: postgres
--

COPY public."Verification" (id, identifier, value, "expiresAt", "createdAt", "updatedAt") FROM stdin;
\.


--
-- Data for Name: _prisma_migrations; Type: TABLE DATA; Schema: public; Owner: postgres
--

COPY public._prisma_migrations (id, checksum, finished_at, migration_name, logs, rolled_back_at, started_at, applied_steps_count) FROM stdin;
64e21243-c0ea-4517-bb17-cc8826be3103	e03c48dcc4c2a42a12aad4ef76f86b985da49bb8e50ba89d2645a04b2d27e840	2025-10-15 14:05:08.144371+00	.30000000000001_custom_constraint_work_schedule	\N	\N	2025-10-15 14:05:08.142091+00	1
424ec75e-9a3a-4ddb-adc4-81beee3b848b	989001f1484274bba8f35e33fe9d6bf1fa415e87a2076ec69866bf1eeaadeb38	2025-10-15 14:05:08.185302+00	20250924104806_init	\N	\N	2025-10-15 14:05:08.144968+00	1
7945f8a9-43fd-4bda-8ffb-3fe5ea9bc2f0	341800cd32895c57daea80d940a73b6b0f4ec0164df3b2c173e4b02d8630c616	2025-10-15 14:05:08.20848+00	20251014074815_time_manager	\N	\N	2025-10-15 14:05:08.185823+00	1
721edcb5-d8dc-4af3-9aa0-12cfd4596602	28c4f9cde71c197ff9d4b69a62eb1a7abe35abce6a7c521cd30c09f6abf4e050	2025-10-15 14:57:43.993763+00	20251015145737_transition_to_remove_user_role	\N	\N	2025-10-15 14:57:43.9917+00	1
34771d97-a9e2-4204-832d-f4e60899f4a5	a8e2439e18b22b5b3f1063d0fc79833275ab40bd0427b6d179b89ede726ffd69	2025-10-15 15:19:05.370732+00	20251015151905_remove_user_role	\N	\N	2025-10-15 15:19:05.356439+00	1
\.


--
-- Name: Account Account_pkey; Type: CONSTRAINT; Schema: public; Owner: postgres
--

ALTER TABLE ONLY public."Account"
    ADD CONSTRAINT "Account_pkey" PRIMARY KEY (id);


--
-- Name: Clock Clock_pkey; Type: CONSTRAINT; Schema: public; Owner: postgres
--

ALTER TABLE ONLY public."Clock"
    ADD CONSTRAINT "Clock_pkey" PRIMARY KEY (id);


--
-- Name: Contract Contract_pkey; Type: CONSTRAINT; Schema: public; Owner: postgres
--

ALTER TABLE ONLY public."Contract"
    ADD CONSTRAINT "Contract_pkey" PRIMARY KEY (id);


--
-- Name: Day Day_pkey; Type: CONSTRAINT; Schema: public; Owner: postgres
--

ALTER TABLE ONLY public."Day"
    ADD CONSTRAINT "Day_pkey" PRIMARY KEY (id);


--
-- Name: Leave Leave_pkey; Type: CONSTRAINT; Schema: public; Owner: postgres
--

ALTER TABLE ONLY public."Leave"
    ADD CONSTRAINT "Leave_pkey" PRIMARY KEY (id);


--
-- Name: Schedule Schedule_pkey; Type: CONSTRAINT; Schema: public; Owner: postgres
--

ALTER TABLE ONLY public."Schedule"
    ADD CONSTRAINT "Schedule_pkey" PRIMARY KEY (id);


--
-- Name: Session Session_pkey; Type: CONSTRAINT; Schema: public; Owner: postgres
--

ALTER TABLE ONLY public."Session"
    ADD CONSTRAINT "Session_pkey" PRIMARY KEY (id);


--
-- Name: Task Task_pkey; Type: CONSTRAINT; Schema: public; Owner: postgres
--

ALTER TABLE ONLY public."Task"
    ADD CONSTRAINT "Task_pkey" PRIMARY KEY (id);


--
-- Name: User User_pkey; Type: CONSTRAINT; Schema: public; Owner: postgres
--

ALTER TABLE ONLY public."User"
    ADD CONSTRAINT "User_pkey" PRIMARY KEY (id);


--
-- Name: Verification Verification_pkey; Type: CONSTRAINT; Schema: public; Owner: postgres
--

ALTER TABLE ONLY public."Verification"
    ADD CONSTRAINT "Verification_pkey" PRIMARY KEY (id);


--
-- Name: _prisma_migrations _prisma_migrations_pkey; Type: CONSTRAINT; Schema: public; Owner: postgres
--

ALTER TABLE ONLY public._prisma_migrations
    ADD CONSTRAINT _prisma_migrations_pkey PRIMARY KEY (id);


--
-- Name: Account_accessToken_idx; Type: INDEX; Schema: public; Owner: postgres
--

CREATE INDEX "Account_accessToken_idx" ON public."Account" USING btree ("accessToken");


--
-- Name: Account_accountId_idx; Type: INDEX; Schema: public; Owner: postgres
--

CREATE INDEX "Account_accountId_idx" ON public."Account" USING btree ("accountId");


--
-- Name: Account_idToken_idx; Type: INDEX; Schema: public; Owner: postgres
--

CREATE INDEX "Account_idToken_idx" ON public."Account" USING btree ("idToken");


--
-- Name: Account_id_idx; Type: INDEX; Schema: public; Owner: postgres
--

CREATE INDEX "Account_id_idx" ON public."Account" USING btree (id);


--
-- Name: Account_providerId_idx; Type: INDEX; Schema: public; Owner: postgres
--

CREATE INDEX "Account_providerId_idx" ON public."Account" USING btree ("providerId");


--
-- Name: Account_refreshToken_idx; Type: INDEX; Schema: public; Owner: postgres
--

CREATE INDEX "Account_refreshToken_idx" ON public."Account" USING btree ("refreshToken");


--
-- Name: Account_userId_idx; Type: INDEX; Schema: public; Owner: postgres
--

CREATE INDEX "Account_userId_idx" ON public."Account" USING btree ("userId");


--
-- Name: Clock_employeeId_date_idx; Type: INDEX; Schema: public; Owner: postgres
--

CREATE INDEX "Clock_employeeId_date_idx" ON public."Clock" USING btree ("employeeId", date DESC);


--
-- Name: Clock_employeeId_date_key; Type: INDEX; Schema: public; Owner: postgres
--

CREATE UNIQUE INDEX "Clock_employeeId_date_key" ON public."Clock" USING btree ("employeeId", date);


--
-- Name: Contract_employeeId_endDate_idx; Type: INDEX; Schema: public; Owner: postgres
--

CREATE INDEX "Contract_employeeId_endDate_idx" ON public."Contract" USING btree ("employeeId", "endDate");


--
-- Name: Contract_employeeId_startDate_idx; Type: INDEX; Schema: public; Owner: postgres
--

CREATE INDEX "Contract_employeeId_startDate_idx" ON public."Contract" USING btree ("employeeId", "startDate");


--
-- Name: Day_scheduleId_dayOfWeek_key; Type: INDEX; Schema: public; Owner: postgres
--

CREATE UNIQUE INDEX "Day_scheduleId_dayOfWeek_key" ON public."Day" USING btree ("scheduleId", "dayOfWeek");


--
-- Name: Day_scheduleId_idx; Type: INDEX; Schema: public; Owner: postgres
--

CREATE INDEX "Day_scheduleId_idx" ON public."Day" USING btree ("scheduleId");


--
-- Name: Leave_employeeId_startDate_endDate_idx; Type: INDEX; Schema: public; Owner: postgres
--

CREATE INDEX "Leave_employeeId_startDate_endDate_idx" ON public."Leave" USING btree ("employeeId", "startDate", "endDate");


--
-- Name: Leave_employeeId_status_idx; Type: INDEX; Schema: public; Owner: postgres
--

CREATE INDEX "Leave_employeeId_status_idx" ON public."Leave" USING btree ("employeeId", status);


--
-- Name: Schedule_contractId_endDate_idx; Type: INDEX; Schema: public; Owner: postgres
--

CREATE INDEX "Schedule_contractId_endDate_idx" ON public."Schedule" USING btree ("contractId", "endDate");


--
-- Name: Schedule_contractId_startDate_idx; Type: INDEX; Schema: public; Owner: postgres
--

CREATE INDEX "Schedule_contractId_startDate_idx" ON public."Schedule" USING btree ("contractId", "startDate");


--
-- Name: Session_id_idx; Type: INDEX; Schema: public; Owner: postgres
--

CREATE INDEX "Session_id_idx" ON public."Session" USING btree (id);


--
-- Name: Session_token_idx; Type: INDEX; Schema: public; Owner: postgres
--

CREATE INDEX "Session_token_idx" ON public."Session" USING btree (token);


--
-- Name: Session_token_key; Type: INDEX; Schema: public; Owner: postgres
--

CREATE UNIQUE INDEX "Session_token_key" ON public."Session" USING btree (token);


--
-- Name: Session_userId_idx; Type: INDEX; Schema: public; Owner: postgres
--

CREATE INDEX "Session_userId_idx" ON public."Session" USING btree ("userId");


--
-- Name: Task_authorId_idx; Type: INDEX; Schema: public; Owner: postgres
--

CREATE INDEX "Task_authorId_idx" ON public."Task" USING btree ("authorId");


--
-- Name: Task_id_idx; Type: INDEX; Schema: public; Owner: postgres
--

CREATE INDEX "Task_id_idx" ON public."Task" USING btree (id);


--
-- Name: Task_slug_key; Type: INDEX; Schema: public; Owner: postgres
--

CREATE UNIQUE INDEX "Task_slug_key" ON public."Task" USING btree (slug);


--
-- Name: Task_title_idx; Type: INDEX; Schema: public; Owner: postgres
--

CREATE INDEX "Task_title_idx" ON public."Task" USING btree (title);


--
-- Name: Task_title_key; Type: INDEX; Schema: public; Owner: postgres
--

CREATE UNIQUE INDEX "Task_title_key" ON public."Task" USING btree (title);


--
-- Name: User_email_idx; Type: INDEX; Schema: public; Owner: postgres
--

CREATE INDEX "User_email_idx" ON public."User" USING btree (email);


--
-- Name: User_email_key; Type: INDEX; Schema: public; Owner: postgres
--

CREATE UNIQUE INDEX "User_email_key" ON public."User" USING btree (email);


--
-- Name: User_id_idx; Type: INDEX; Schema: public; Owner: postgres
--

CREATE INDEX "User_id_idx" ON public."User" USING btree (id);


--
-- Name: Verification_id_idx; Type: INDEX; Schema: public; Owner: postgres
--

CREATE INDEX "Verification_id_idx" ON public."Verification" USING btree (id);


--
-- Name: Verification_identifier_idx; Type: INDEX; Schema: public; Owner: postgres
--

CREATE INDEX "Verification_identifier_idx" ON public."Verification" USING btree (identifier);


--
-- Name: Account Account_userId_fkey; Type: FK CONSTRAINT; Schema: public; Owner: postgres
--

ALTER TABLE ONLY public."Account"
    ADD CONSTRAINT "Account_userId_fkey" FOREIGN KEY ("userId") REFERENCES public."User"(id) ON UPDATE CASCADE ON DELETE CASCADE;


--
-- Name: Clock Clock_employeeId_fkey; Type: FK CONSTRAINT; Schema: public; Owner: postgres
--

ALTER TABLE ONLY public."Clock"
    ADD CONSTRAINT "Clock_employeeId_fkey" FOREIGN KEY ("employeeId") REFERENCES public."User"(id) ON UPDATE CASCADE ON DELETE CASCADE;


--
-- Name: Contract Contract_employeeId_fkey; Type: FK CONSTRAINT; Schema: public; Owner: postgres
--

ALTER TABLE ONLY public."Contract"
    ADD CONSTRAINT "Contract_employeeId_fkey" FOREIGN KEY ("employeeId") REFERENCES public."User"(id) ON UPDATE CASCADE ON DELETE CASCADE;


--
-- Name: Day Day_scheduleId_fkey; Type: FK CONSTRAINT; Schema: public; Owner: postgres
--

ALTER TABLE ONLY public."Day"
    ADD CONSTRAINT "Day_scheduleId_fkey" FOREIGN KEY ("scheduleId") REFERENCES public."Schedule"(id) ON UPDATE CASCADE ON DELETE CASCADE;


--
-- Name: Leave Leave_employeeId_fkey; Type: FK CONSTRAINT; Schema: public; Owner: postgres
--

ALTER TABLE ONLY public."Leave"
    ADD CONSTRAINT "Leave_employeeId_fkey" FOREIGN KEY ("employeeId") REFERENCES public."User"(id) ON UPDATE CASCADE ON DELETE CASCADE;


--
-- Name: Schedule Schedule_contractId_fkey; Type: FK CONSTRAINT; Schema: public; Owner: postgres
--

ALTER TABLE ONLY public."Schedule"
    ADD CONSTRAINT "Schedule_contractId_fkey" FOREIGN KEY ("contractId") REFERENCES public."Contract"(id) ON UPDATE CASCADE ON DELETE CASCADE;


--
-- Name: Session Session_userId_fkey; Type: FK CONSTRAINT; Schema: public; Owner: postgres
--

ALTER TABLE ONLY public."Session"
    ADD CONSTRAINT "Session_userId_fkey" FOREIGN KEY ("userId") REFERENCES public."User"(id) ON UPDATE CASCADE ON DELETE CASCADE;


--
-- Name: Task Task_authorId_fkey; Type: FK CONSTRAINT; Schema: public; Owner: postgres
--

ALTER TABLE ONLY public."Task"
    ADD CONSTRAINT "Task_authorId_fkey" FOREIGN KEY ("authorId") REFERENCES public."User"(id) ON UPDATE CASCADE ON DELETE CASCADE;


--
-- PostgreSQL database dump complete
--

\unrestrict 0sxx2owdCecKR9iF5Cs4tZtUOWKBdXcVLIZ6fbWIpmTEyPut4dYLwQtTeH45RjR

